0, 0, 0, 0,  -10,    0
0, 0, 0, 0,  -10,    0
0, 0, 0, 0,  -10,    0
0, 0, 0, 0,  -10,    0
0, 0, 0, 0,  -10,    0
0, 0, 0, 0,  -10,    0
0, 0, 0, 0,  -10,    0
0, 0, 0, 0,  -10,    0
0, 0, 0, 0,  -10,    0
0, 0, 0, 0,  -10,    0
0, 0, 0, 0,  -10,    0
0, 0, 0, 0,  -10,    0
0, 0, 0, 0,  -10,    0
0, 0, 0, 0,  -10,    0
0, 0, 0, 0,  -10,    0
0, 0, 0, 0,  -10,    0
0, 0, 0, 0,  -10,    0
0, 0, 0, 0,  -10,    0
0, 0, 0, 0,  -10,    0
0, 0, 0, 0,  -10,    0
0, 0, 0, 0,  -10,    0
0, 0, 0, 0,  -10,    0
0, 0, 0, 0,  -10,    0
0, 0, 0, 0,  -10,    0
0, 0, 0, 0,  -10,    0
0, 0, 0, 0,  -10,    0
0, 0, 0, 0,  -10,    0
0, 0, 0, 0,  -10,    0
0, 0, 0, 0,  -10,    0
0, 0, 0, 0,  -10,    0
0, 0, 0, 0,  -10,    0
0, 0, 0, 0,  -10,    0
0, 0, 0, 0,  -10,    0
0, 0, 0, 0,  -10,    0
0, 0, 0, 0,  -10,    0
0, 0, 0, 0,  -10,    0
0, 0, 0, 0,  -10,    0
0, 0, 0, 0,  -10,    0
0, 0, 0, 0,  -10,    0
0, 0, 0, 0,  -10,    0
0, 0, 0, 0,  -10,    0
0, 0, 0, 0,  -10,    0
0, 0, 0, 0,  -10,    0
0, 0, 0, 0,  -10,    0
0, 0, 0, 0,  -10,    0
0, 0, 0, 0,  -10,    0
0, 0, 0, 0,  -10,    0
0, 0, 0, 0,  -10,    0
0, 0, 0, 0,  -10,    0
0, 0, 0, 0,  -10,    0
0, 0, 0, 0,  -10,    0
0, 0, 0, 0,  -10,    0
0, 0, 0, 0,  -10,    0
0, 0, 0, 0,  -10,    0
0, 0, 0, 0,  -10,    0
0, 0, 0, 0,  -10,    0
0, 0, 0, 0,  -10,    0
0, 0, 0, 0,  -10,    0
0, 0, 0, 0,  -10,    0
0, 0, 0, 0,  -10,    0
0, 0, 0, 0,  -10,    0
0, 0, 0, 0,  -10,    0
0, 0, 0, 0,  -10,    0
0, 0, 0, 0,  -10,    0
0, 0, 0, 0,  -10,    0
0, 0, 0, 0,  -10,    0
0, 0, 0, 0,  -10,    0
0, 0, 0, 0,  -10,    0
0, 0, 0, 0,  -10,    0
0, 0, 0, 0,  -10,    0
0, 0, 0, 0,  -10,    0
0, 0, 0, 0,  -10,    0
0, 0, 0, 0,  -10,    0
0, 0, 0, 0,  -10,    0
0, 0, 0, 0,  -10,    0
0, 0, 0, 0,  -10,    0
0, 0, 0, 0,  -10,    0
0, 0, 0, 0,  -10,    0
0, 0, 0, 0,  -10,    0
0, 0, 0, 0,  -10,    0
0, 0, 0, 0,  -10,    0
0, 0, 0, 0,  -10,    0
0, 0, 0, 0,  -10,    0
0, 0, 0, 0,  -10,    0
0, 0, 0, 0,  -10,    0
0, 0, 0, 0,  -10,    0
0, 0, 0, 0,  -10,    0
0, 0, 0, 0,  -10,    0
0, 0, 0, 0,  -10,    0
0, 0, 0, 0,  -10,    0
0, 0, 0, 0,  -10,    0
0, 0, 0, 0,  -10,    0
0, 0, 0, 0,  -10,    0
0, 0, 0, 0,  -10,    0
0, 0, 0, 0,  -10,    0
0, 0, 0, 0,  -10,    0
0, 0, 0, 0,  -10,    0
0, 0, 0, 0,  -10,    0
0, 0, 0, 0,  -10,    0
0, 0, 0, 0,  -10,    0
0, 0, 0, 0,  -10,    0
0, 0, 0, 0,  -10,    0
0, 0, 0, 0,  -10,    0
0, 0, 0, 0,  -10,    0
0, 0, 0, 0,  -10,    0
0, 0, 0, 0,  -10,    0
0, 0, 0, 0,  -10,    0
0, 0, 0, 0,  -10,    0
0, 0, 0, 0,  -10,    0
0, 0, 0, 0,  -10,    0
0, 0, 0, 0,  -10,    0
0, 0, 0, 0,  -10,    0
0, 0, 0, 0,  -10,    0
0, 0, 0, 0,  -10,    0
0, 0, 0, 0,  -10,    0
0, 0, 0, 0,  -10,    0
0, 0, 0, 0,  -10,    0
0, 0, 0, 0,  -10,    0
0, 0, 0, 0,  -10,    0
0, 0, 0, 0,  -10,    0
0, 0, 0, 0,  -10,    0
0, 0, 0, 0,  -10,    0
0, 0, 0, 0,  -10,    0
0, 0, 0, 0,  -10,    0
0, 0, 0, 0,  -10,    0
0, 0, 0, 0,  -10,    0
0, 0, 0, 0,  -10,    0
0, 0, 0, 0,  -10,    0
0, 0, 0, 0,  -10,    0
0, 0, 0, 0,  -10,    0
0, 0, 0, 0,  -10,    0
0, 0, 0, 0,  -10,    0
0, 0, 0, 0,  -10,    0
0, 0, 0, 0,  -10,    0
0, 0, 0, 0,  -10,    0
0, 0, 0, 0,  -10,    0
0, 0, 0, 0,  -10,    0
0, 0, 0, 0,  -10,    0
0, 0, 0, 0,  -10,    0
0, 0, 0, 0,  -10,    0
0, 0, 0, 0,  -10,    0
0, 0, 0, 0,  -10,    0
0, 0, 0, 0,  -10,    0
0, 0, 0, 0,  -10,    0
0, 0, 0, 0,  -10,    0
0, 0, 0, 0,  -10,    0
0, 0, 0, 0,  -10,    0
0, 0, 0, 0,  -10,    0
0, 0, 0, 0,  -10,    0
0, 0, 0, 0,  -10,    0
0, 0, 0, 0,  -10,    0
0, 0, 0, 0,  -10,    0
0, 0, 0, 0,  -10,    0
0, 0, 0, 0,  -10,    0
0, 0, 0, 0,  -10,    0
0, 0, 0, 0,  -10,    0
0, 0, 0, 0,  -10,    0
0, 0, 0, 0,  -10,    0
0, 0, 0, 0,  -10,    0
0, 0, 0, 0,  -10,    0
0, 0, 0, 0,  -10,    0
0, 0, 0, 0,  -10,    0
0, 0, 0, 0,  -10,    0
0, 0, 0, 0,  -10,    0
0, 0, 0, 0,  -10,    0
0, 0, 0, 0,  -10,    0
0, 0, 0, 0,  -10,    0
0, 0, 0, 0,  -10,    0
0, 0, 0, 0,  -10,    0
0, 0, 0, 0,  -10,    0
0, 0, 0, 0,  -10,    0
0, 0, 0, 0,  -10,    0
0, 0, 0, 0,  -10,    0
0, 0, 0, 0,  -10,    0
0, 0, 0, 0,  -10,    0
0, 0, 0, 0,  -10,    0
0, 0, 0, 0,  -10,    0
0, 0, 0, 0,  -10,    0
0, 0, 0, 0,  -10,    0
0, 0, 0, 0,  -10,    0
0, 0, 0, 0,  -10,    0
0, 0, 0, 0,  -10,    0
0, 0, 0, 0,  -10,    0
0, 0, 0, 0,  -10,    0
0, 0, 0, 0,  -10,    0
0, 0, 0, 0,  -10,    0
0, 0, 0, 0,  -10,    0
0, 0, 0, 0,  -10,    0
0, 0, 0, 0,  -10,    0
0, 0, 0, 0,  -10,    0
0, 0, 0, 0,  -10,    0
0, 0, 0, 0,  -10,    0
0, 0, 0, 0,  -10,    0
0, 0, 0, 0,  -10,    0
0, 0, 0, 0,  -10,    0
0, 0, 0, 0,  -10,    0
0, 0, 0, 0,  -10,    0
0, 0, 0, 0,  -10,    0
0, 0, 0, 0,  -10,    0
0, 0, 0, 0,  -10,    0
0, 0, 0, 0,  -10,    0
0, 0, 0, 0,  -10,    0
0, 0, 0, 0,  -10,    0
0, 0, 0, 0,  -10,    0
0, 0, 0, 0,  -10,    0
0, 0, 0, 0,  -10,    0
0, 0, 0, 0,  -10,    0
0, 0, 0, 0,  -10,    0
0, 0, 0, 0,  -10,    0
0, 0, 0, 0,  -10,    0
0, 0, 0, 0,  -10,    0
0, 0, 0, 0,  -10,    0
0, 0, 0, 0,  -10,    0
0, 0, 0, 0,  -10,    0
0, 0, 0, 0,  -10,    0
0, 0, 0, 0,  -10,    0
0, 0, 0, 0,  -10,    0
0, 0, 0, 0,  -10,    0
0, 0, 0, 0,  -10,    0
0, 0, 0, 0,  -10,    0
0, 0, 0, 0,  -10,    0
0, 0, 0, 0,  -10,    0
0, 0, 0, 0,  -10,    0
0, 0, 0, 0,  -10,    0
0, 0, 0, 0,  -10,    0
0, 0, 0, 0,  -10,    0
0, 0, 0, 0,  -10,    0
0, 0, 0, 0,  -10,    0
0, 0, 0, 0,  -10,    0
0, 0, 0, 0,  -10,    0
0, 0, 0, 0,  -10,    0
0, 0, 0, 0,  -10,    0
0, 0, 0, 0,  -10,    0
0, 0, 0, 0,  -10,    0
0, 0, 0, 0,  -10,    0
0, 0, 0, 0,  -10,    0
0, 0, 0, 0,  -10,    0
0, 0, 0, 0,  -10,    0
0, 0, 0, 0,  -10,    0
0, 0, 0, 0,  -10,    0
0, 0, 0, 0,  -10,    0
0, 0, 0, 0,  -10,    0
0, 0, 0, 0,  -10,    0
0, 0, 0, 0,  -10,    0
0, 0, 0, 0,  -10,    0
0, 0, 0, 0,  -10,    0
0, 0, 0, 0,  -10,    0
0, 0, 0, 0,  -10,    0
0, 0, 0, 0,  -10,    0
0, 0, 0, 0,  -10,    0
0, 0, 0, 0,  -10,    0
0, 0, 0, 0,  -10,    0
0, 0, 0, 0,  -10,    0
0, 0, 0, 0,  -10,    0
0, 0, 0, 0,  -10,    0
0, 0, 0, 0,  -10,    0
0, 0, 0, 0,  -10,    0
0, 0, 0, 0,  -10,    0
0, 0, 0, 0,  -10,    0
0, 0, 0, 0,  -10,    0
0, 0, 0, 0,  -10,    0
0, 0, 0, 0,  -10,    0
0, 0, 0, 0,  -10,    0
0, 0, 0, 0,  -10,    0
0, 0, 0, 0,  -10,    0
0, 0, 0, 0,  -10,    0
0, 0, 0, 0,  -10,    0
0, 0, 0, 0,  -10,    0
0, 0, 0, 0,  -10,    0
0, 0, 0, 0,  -10,    0
0, 0, 0, 0,  -10,    0
0, 0, 0, 0,  -10,    0
0, 0, 0, 0,  -10,    0
0, 0, 0, 0,  -10,    0
0, 0, 0, 0,  -10,    0
0, 0, 0, 0,  -10,    0
0, 0, 0, 0,  -10,    0
0, 0, 0, 0,  -10,    0
0, 0, 0, 0,  -10,    0
0, 0, 0, 0,  -10,    0
0, 0, 0, 0,  -10,    0
0, 0, 0, 0,  -10,    0
0, 0, 0, 0,  -10,    0
0, 0, 0, 0,  -10,    0
0, 0, 0, 0,  -10,    0
0, 0, 0, 0,  -10,    0
0, 0, 0, 0,  -10,    0
0, 0, 0, 0,  -10,    0
0, 0, 0, 0,  -10,    0
0, 0, 0, 0,  -10,    0
0, 0, 0, 0,  -10,    0
0, 0, 0, 0,  -10,    0
0, 0, 0, 0,  -10,    0
0, 0, 0, 0,  -10,    0
0, 0, 0, 0,  -10,    0
0, 0, 0, 0,  -10,    0
0, 0, 0, 0,  -10,    0
0, 0, 0, 0,  -10,    0
0, 0, 0, 0,  -10,    0
0, 0, 0, 0,  -10,    0
0, 0, 0, 0,  -10,    0
0, 0, 0, 0,  -10,    0
0, 0, 0, 0,  -10,    0
0, 0, 0, 0,  -10,    0
0, 0, 0, 0,  -10,    0
0, 0, 0, 0,  -10,    0
0, 0, 0, 0,  -10,    0
0, 0, 0, 0,  -10,    0
0, 0, 0, 0,  -10,    0
0, 0, 0, 0,  -10,    0
0, 0, 0, 0,  -10,    0
0, 0, 0, 0,  -10,    0
0, 0, 0, 0,  -10,    0
0, 0, 0, 0,  -10,    0
0, 0, 0, 0,  -10,    0
0, 0, 0, 0,  -10,    0
0, 0, 0, 0,  -10,    0
0, 0, 0, 0,  -10,    0
0, 0, 0, 0,  -10,    0
0, 0, 0, 0,  -10,    0
0, 0, 0, 0,  -10,    0
0, 0, 0, 0,  -10,    0
0, 0, 0, 0,  -10,    0
0, 0, 0, 0,  -10,    0
0, 0, 0, 0,  -10,    0
0, 0, 0, 0,  -10,    0
0, 0, 0, 0,  -10,    0
0, 0, 0, 0,  -10,    0
0, 0, 0, 0,  -10,    0
0, 0, 0, 0,  -10,    0
0, 0, 0, 0,  -10,    0
0, 0, 0, 0,  -10,    0
0, 0, 0, 0,  -10,    0
0, 0, 0, 0,  -10,    0
0, 0, 0, 0,  -10,    0
0, 0, 0, 0,  -10,    0
0, 0, 0, 0,  -10,    0
0, 0, 0, 0,  -10,    0
0, 0, 0, 0,  -10,    0
0, 0, 0, 0,  -10,    0
0, 0, 0, 0,  -10,    0
0, 0, 0, 0,  -10,    0
0, 0, 0, 0,  -10,    0
0, 0, 0, 0,  -10,    0
0, 0, 0, 0,  -10,    0
0, 0, 0, 0,  -10,    0
0, 0, 0, 0,  -10,    0
0, 0, 0, 0,  -10,    0
0, 0, 0, 0,  -10,    0
0, 0, 0, 0,  -10,    0
0, 0, 0, 0,  -10,    0
0, 0, 0, 0,  -10,    0
0, 0, 0, 0,  -10,    0
0, 0, 0, 0,  -10,    0
0, 0, 0, 0,  -10,    0
0, 0, 0, 0,  -10,    0
0, 0, 0, 0,  -10,    0
0, 0, 0, 0,  -10,    0
0, 0, 0, 0,  -10,    0
0, 0, 0, 0,  -10,    0
0, 0, 0, 0,  -10,    0
0, 0, 0, 0,  -10,    0
0, 0, 0, 0,  -10,    0
0, 0, 0, 0,  -10,    0
0, 0, 0, 0,  -10,    0
0, 0, 0, 0,  -10,    0
0, 0, 0, 0,  -10,    0
0, 0, 0, 0,  -10,    0
0, 0, 0, 0,  -10,    0
0, 0, 0, 0,  -10,    0
0, 0, 0, 0,  -10,    0
0, 0, 0, 0,  -10,    0
0, 0, 0, 0,  -10,    0
0, 0, 0, 0,  -10,    0
0, 0, 0, 0,  -10,    0
0, 0, 0, 0,  -10,    0
0, 0, 0, 0,  -10,    0
0, 0, 0, 0,  -10,    0
0, 0, 0, 0,  -10,    0
0, 0, 0, 0,  -10,    0
0, 0, 0, 0,  -10,    0
0, 0, 0, 0,  -10,    0
0, 0, 0, 0,  -10,    0
0, 0, 0, 0,  -10,    0
0, 0, 0, 0,  -10,    0
0, 0, 0, 0,  -10,    0
0, 0, 0, 0,  -10,    0
0, 0, 0, 0,  -10,    0
0, 0, 0, 0,  -10,    0
0, 0, 0, 0,  -10,    0
0, 0, 0, 0,  -10,    0
0, 0, 0, 0,  -10,    0
0, 0, 0, 0,  -10,    0
0, 0, 0, 0,  -10,    0
0, 0, 0, 0,  -10,    0
0, 0, 0, 0,  -10,    0
0, 0, 0, 0,  -10,    0
0, 0, 0, 0,  -10,    0
0, 0, 0, 0,  -10,    0
0, 0, 0, 0,  -10,    0
0, 0, 0, 0,  -10,    0
0, 0, 0, 0,  -10,    0
0, 0, 0, 0,  -10,    0
0, 0, 0, 0,  -10,    0
0, 0, 0, 0,  -10,    0
0, 0, 0, 0,  -10,    0
0, 0, 0, 0,  -10,    0
0, 0, 0, 0,  -10,    0
0, 0, 0, 0,  -10,    0
0, 0, 0, 0,  -10,    0
0, 0, 0, 0,  -10,    0
0, 0, 0, 0,  -10,    0
0, 0, 0, 0,  -10,    0
0, 0, 0, 0,  -10,    0
0, 0, 0, 0,  -10,    0
0, 0, 0, 0,  -10,    0
0, 0, 0, 0,  -10,    0
0, 0, 0, 0,  -10,    0
0, 0, 0, 0,  -10,    0
0, 0, 0, 0,  -10,    0
0, 0, 0, 0,  -10,    0
0, 0, 0, 0,  -10,    0
0, 0, 0, 0,  -10,    0
0, 0, 0, 0,  -10,    0
0, 0, 0, 0,  -10,    0
0, 0, 0, 0,  -10,    0
0, 0, 0, 0,  -10,    0
0, 0, 0, 0,  -10,    0
0, 0, 0, 0,  -10,    0
0, 0, 0, 0,  -10,    0
0, 0, 0, 0,  -10,    0
0, 0, 0, 0,  -10,    0
0, 0, 0, 0,  -10,    0
0, 0, 0, 0,  -10,    0
0, 0, 0, 0,  -10,    0
0, 0, 0, 0,  -10,    0
0, 0, 0, 0,  -10,    0
0, 0, 0, 0,  -10,    0
0, 0, 0, 0,  -10,    0
0, 0, 0, 0,  -10,    0
0, 0, 0, 0,  -10,    0
0, 0, 0, 0,  -10,    0
0, 0, 0, 0,  -10,    0
0, 0, 0, 0,  -10,    0
0, 0, 0, 0,  -10,    0
0, 0, 0, 0,  -10,    0
0, 0, 0, 0,  -10,    0
0, 0, 0, 0,  -10,    0
0, 0, 0, 0,  -10,    0
0, 0, 0, 0,  -10,    0
0, 0, 0, 0,  -10,    0
0, 0, 0, 0,  -10,    0
0, 0, 0, 0,  -10,    0
0, 0, 0, 0,  -10,    0
0, 0, 0, 0,  -10,    0
0, 0, 0, 0,  -10,    0
0, 0, 0, 0,  -10,    0
0, 0, 0, 0,  -10,    0
0, 0, 0, 0,  -10,    0
0, 0, 0, 0,  -10,    0
0, 0, 0, 0,  -10,    0
0, 0, 0, 0,  -10,    0
0, 0, 0, 0,  -10,    0
0, 0, 0, 0,  -10,    0
0, 0, 0, 0,  -10,    0
0, 0, 0, 0,  -10,    0
0, 0, 0, 0,  -10,    0
0, 0, 0, 0,  -10,    0
0, 0, 0, 0,  -10,    0
0, 0, 0, 0,  -10,    0
0, 0, 0, 0,  -10,    0
0, 0, 0, 0,  -10,    0
0, 0, 0, 0,  -10,    0
0, 0, 0, 0,  -10,    0
0, 0, 0, 0,  -10,    0
0, 0, 0, 0,  -10,    0
0, 0, 0, 0,  -10,    0
0, 0, 0, 0,  -10,    0
0, 0, 0, 0,  -10,    0
0, 0, 0, 0,  -10,    0
0, 0, 0, 0,  -10,    0
0, 0, 0, 0,  -10,    0
0, 0, 0, 0,  -10,    0
0, 0, 0, 0,  -10,    0
0, 0, 0, 0,  -10,    0
0, 0, 0, 0,  -10,    0
0, 0, 0, 0,  -10,    0
0, 0, 0, 0,  -10,    0
0, 0, 0, 0,  -10,    0
0, 0, 0, 0,  -10,    0
0, 0, 0, 0,  -10,    0
0, 0, 0, 0,  -10,    0
0, 0, 0, 0,  -10,    0
0, 0, 0, 0,  -10,    0
0, 0, 0, 0,  -10,    0
0, 0, 0, 0,  -10,    0
0, 0, 0, 0,  -10,    0
0, 0, 0, 0,  -10,    0
0, 0, 0, 0,  -10,    0
0, 0, 0, 0,  -10,    0
0, 0, 0, 0,  -10,    0
0, 0, 0, 0,  -10,    0
0, 0, 0, 0,  -10,    0
0, 0, 0, 0,  -10,    0
0, 0, 0, 0,  -10,    0
0, 0, 0, 0,  -10,    0
0, 0, 0, 0,  -10,    0
0, 0, 0, 0,  -10,    0
0, 0, 0, 0,  -10,    0
0, 0, 0, 0,  -10,    0
0, 0, 0, 0,  -10,    0
0, 0, 0, 0,  -10,    0
0, 0, 0, 0,  -10,    0
0, 0, 0, 0,  -10,    0
0, 0, 0, 0,  -10,    0
0, 0, 0, 0,  -10,    0
0, 0, 0, 0,  -10,    0
0, 0, 0, 0,  -10,    0
0, 0, 0, 0,  -10,    0
0, 0, 0, 0,  -10,    0
0, 0, 0, 0,  -10,    0
0, 0, 0, 0,  -10,    0
0, 0, 0, 0,  -10,    0
0, 0, 0, 0,  -10,    0
0, 0, 0, 0,  -10,    0
0, 0, 0, 0,  -10,    0
0, 0, 0, 0,  -10,    0
0, 0, 0, 0,  -10,    0
0, 0, 0, 0,  -10,    0
0, 0, 0, 0,  -10,    0
0, 0, 0, 0,  -10,    0
0, 0, 0, 0,  -10,    0
0, 0, 0, 0,  -10,    0
0, 0, 0, 0,  -10,    0
0, 0, 0, 0,  -10,    0
0, 0, 0, 0,  -10,    0
0, 0, 0, 0,  -10,    0
0, 0, 0, 0,  -10,    0
0, 0, 0, 0,  -10,    0
0, 0, 0, 0,  -10,    0
0, 0, 0, 0,  -10,    0
0, 0, 0, 0,  -10,    0
0, 0, 0, 0,  -10,    0
0, 0, 0, 0,  -10,    0
0, 0, 0, 0,  -10,    0
0, 0, 0, 0,  -10,    0
0, 0, 0, 0,  -10,    0
0, 0, 0, 0,  -10,    0
0, 0, 0, 0,  -10,    0
0, 0, 0, 0,  -10,    0
0, 0, 0, 0,  -10,    0
0, 0, 0, 0,  -10,    0
0, 0, 0, 0,  -10,    0
0, 0, 0, 0,  -10,    0
0, 0, 0, 0,  -10,    0
0, 0, 0, 0,  -10,    0
0, 0, 0, 0,  -10,    0
0, 0, 0, 0,  -10,    0
0, 0, 0, 0,  -10,    0
0, 0, 0, 0,  -10,    0
0, 0, 0, 0,  -10,    0
0, 0, 0, 0,  -10,    0
0, 0, 0, 0,  -10,    0
0, 0, 0, 0,  -10,    0
0, 0, 0, 0,  -10,    0
0, 0, 0, 0,  -10,    0
0, 0, 0, 0,  -10,    0
0, 0, 0, 0,  -10,    0
0, 0, 0, 0,  -10,    0
0, 0, 0, 0,  -10,    0
0, 0, 0, 0,  -10,    0
0, 0, 0, 0,  -10,    0
0, 0, 0, 0,  -10,    0
0, 0, 0, 0,  -10,    0
0, 0, 0, 0,  -10,    0
0, 0, 0, 0,  -10,    0
0, 0, 0, 0,  -10,    0
0, 0, 0, 0,  -10,    0
0, 0, 0, 0,  -10,    0
0, 0, 0, 0,  -10,    0
0, 0, 0, 0,  -10,    0
0, 0, 0, 0,  -10,    0
0, 0, 0, 0,  -10,    0
0, 0, 0, 0,  -10,    0
0, 0, 0, 0,  -10,    0
0, 0, 0, 0,  -10,    0
0, 0, 0, 0,  -10,    0
0, 0, 0, 0,  -10,    0
0, 0, 0, 0,  -10,    0
0, 0, 0, 0,  -10,    0
0, 0, 0, 0,  -10,    0
0, 0, 0, 0,  -10,    0
0, 0, 0, 0,  -10,    0
0, 0, 0, 0,  -10,    0
0, 0, 0, 0,  -10,    0
0, 0, 0, 0,  -10,    0
0, 0, 0, 0,  -10,    0
0, 0, 0, 0,  -10,    0
0, 0, 0, 0,  -10,    0
0, 0, 0, 0,  -10,    0
0, 0, 0, 0,  -10,    0
0, 0, 0, 0,  -10,    0
0, 0, 0, 0,  -10,    0
0, 0, 0, 0,  -10,    0
0, 0, 0, 0,  -10,    0
0, 0, 0, 0,  -10,    0
0, 0, 0, 0,  -10,    0
0, 0, 0, 0,  -10,    0
0, 0, 0, 0,  -10,    0
0, 0, 0, 0,  -10,    0
0, 0, 0, 0,  -10,    0
0, 0, 0, 0,  -10,    0
0, 0, 0, 0,  -10,    0
0, 0, 0, 0,  -10,    0
0, 0, 0, 0,  -10,    0
0, 0, 0, 0,  -10,    0
0, 0, 0, 0,  -10,    0
0, 0, 0, 0,  -10,    0
0, 0, 0, 0,  -10,    0
0, 0, 0, 0,  -10,    0
0, 0, 0, 0,  -10,    0
0, 0, 0, 0,  -10,    0
0, 0, 0, 0,  -10,    0
0, 0, 0, 0,  -10,    0
0, 0, 0, 0,  -10,    0
0, 0, 0, 0,  -10,    0
0, 0, 0, 0,  -10,    0
0, 0, 0, 0,  -10,    0
0, 0, 0, 0,  -10,    0
0, 0, 0, 0,  -10,    0
0, 0, 0, 0,  -10,    0
0, 0, 0, 0,  -10,    0
0, 0, 0, 0,  -10,    0
0, 0, 0, 0,  -10,    0
0, 0, 0, 0,  -10,    0
0, 0, 0, 0,  -10,    0
0, 0, 0, 0,  -10,    0
0, 0, 0, 0,  -10,    0
0, 0, 0, 0,  -10,    0
0, 0, 0, 0,  -10,    0
0, 0, 0, 0,  -10,    0
0, 0, 0, 0,  -10,    0
0, 0, 0, 0,  -10,    0
0, 0, 0, 0,  -10,    0
0, 0, 0, 0,  -10,    0
0, 0, 0, 0,  -10,    0
0, 0, 0, 0,  -10,    0
0, 0, 0, 0,  -10,    0
0, 0, 0, 0,  -10,    0
0, 0, 0, 0,  -10,    0
0, 0, 0, 0,  -10,    0
0, 0, 0, 0,  -10,    0
0, 0, 0, 0,  -10,    0
0, 0, 0, 0,  -10,    0
0, 0, 0, 0,  -10,    0
0, 0, 0, 0,  -10,    0
0, 0, 0, 0,  -10,    0
0, 0, 0, 0,  -10,    0
0, 0, 0, 0,  -10,    0
0, 0, 0, 0,  -10,    0
0, 0, 0, 0,  -10,    0
0, 0, 0, 0,  -10,    0
0, 0, 0, 0,  -10,    0
0, 0, 0, 0,  -10,    0
0, 0, 0, 0,  -10,    0
0, 0, 0, 0,  -10,    0
0, 0, 0, 0,  -10,    0
0, 0, 0, 0,  -10,    0
0, 0, 0, 0,  -10,    0
0, 0, 0, 0,  -10,    0
0, 0, 0, 0,  -10,    0
0, 0, 0, 0,  -10,    0
0, 0, 0, 0,  -10,    0
0, 0, 0, 0,  -10,    0
0, 0, 0, 0,  -10,    0
0, 0, 0, 0,  -10,    0
0, 0, 0, 0,  -10,    0
0, 0, 0, 0,  -10,    0
0, 0, 0, 0,  -10,    0
0, 0, 0, 0,  -10,    0
0, 0, 0, 0,  -10,    0
0, 0, 0, 0,  -10,    0
0, 0, 0, 0,  -10,    0
0, 0, 0, 0,  -10,    0
0, 0, 0, 0,  -10,    0
0, 0, 0, 0,  -10,    0
0, 0, 0, 0,  -10,    0
0, 0, 0, 0,  -10,    0
0, 0, 0, 0,  -10,    0
0, 0, 0, 0,  -10,    0
0, 0, 0, 0,  -10,    0
0, 0, 0, 0,  -10,    0
0, 0, 0, 0,  -10,    0
0, 0, 0, 0,  -10,    0
0, 0, 0, 0,  -10,    0
0, 0, 0, 0,  -10,    0
0, 0, 0, 0,  -10,    0
0, 0, 0, 0,  -10,    0
0, 0, 0, 0,  -10,    0
0, 0, 0, 0,  -10,    0
0, 0, 0, 0,  -10,    0
0, 0, 0, 0,  -10,    0
0, 0, 0, 0,  -10,    0
0, 0, 0, 0,  -10,    0
0, 0, 0, 0,  -10,    0
0, 0, 0, 0,  -10,    0
0, 0, 0, 0,  -10,    0
0, 0, 0, 0,  -10,    0
0, 0, 0, 0,  -10,    0
0, 0, 0, 0,  -10,    0
0, 0, 0, 0,  -10,    0
0, 0, 0, 0,  -10,    0
0, 0, 0, 0,  -10,    0
0, 0, 0, 0,  -10,    0
0, 0, 0, 0,  -10,    0
0, 0, 0, 0,  -10,    0
0, 0, 0, 0,  -10,    0
0, 0, 0, 0,  -10,    0
0, 0, 0, 0,  -10,    0
0, 0, 0, 0,  -10,    0
0, 0, 0, 0,  -10,    0
0, 0, 0, 0,  -10,    0
0, 0, 0, 0,  -10,    0
0, 0, 0, 0,  -10,    0
0, 0, 0, 0,  -10,    0
0, 0, 0, 0,  -10,    0
0, 0, 0, 0,  -10,    0
0, 0, 0, 0,  -10,    0
0, 0, 0, 0,  -10,    0
0, 0, 0, 0,  -10,    0
0, 0, 0, 0,  -10,    0
0, 0, 0, 0,  -10,    0
0, 0, 0, 0,  -10,    0
0, 0, 0, 0,  -10,    0
0, 0, 0, 0,  -10,    0
0, 0, 0, 0,  -10,    0
0, 0, 0, 0,  -10,    0
0, 0, 0, 0,  -10,    0
0, 0, 0, 0,  -10,    0
0, 0, 0, 0,  -10,    0
0, 0, 0, 0,  -10,    0
0, 0, 0, 0,  -10,    0
0, 0, 0, 0,  -10,    0
0, 0, 0, 0,  -10,    0
0, 0, 0, 0,  -10,    0
0, 0, 0, 0,  -10,    0
0, 0, 0, 0,  -10,    0
0, 0, 0, 0,  -10,    0
0, 0, 0, 0,  -10,    0
0, 0, 0, 0,  -10,    0
0, 0, 0, 0,  -10,    0
0, 0, 0, 0,  -10,    0
0, 0, 0, 0,  -10,    0
0, 0, 0, 0,  -10,    0
0, 0, 0, 0,  -10,    0
0, 0, 0, 0,  -10,    0
0, 0, 0, 0,  -10,    0
0, 0, 0, 0,  -10,    0
0, 0, 0, 0,  -10,    0
0, 0, 0, 0,  -10,    0
0, 0, 0, 0,  -10,    0
0, 0, 0, 0,  -10,    0
0, 0, 0, 0,  -10,    0
0, 0, 0, 0,  -10,    0
0, 0, 0, 0,  -10,    0
0, 0, 0, 0,  -10,    0
0, 0, 0, 0,  -10,    0
0, 0, 0, 0,  -10,    0
0, 0, 0, 0,  -10,    0
0, 0, 0, 0,  -10,    0
0, 0, 0, 0,  -10,    0
0, 0, 0, 0,  -10,    0
0, 0, 0, 0,  -10,    0
0, 0, 0, 0,  -10,    0
0, 0, 0, 0,  -10,    0
0, 0, 0, 0,  -10,    0
0, 0, 0, 0,  -10,    0
0, 0, 0, 0,  -10,    0
0, 0, 0, 0,  -10,    0
0, 0, 0, 0,  -10,    0
0, 0, 0, 0,  -10,    0
0, 0, 0, 0,  -10,    0
0, 0, 0, 0,  -10,    0
0, 0, 0, 0,  -10,    0
0, 0, 0, 0,  -10,    0
0, 0, 0, 0,  -10,    0
0, 0, 0, 0,  -10,    0
0, 0, 0, 0,  -10,    0
0, 0, 0, 0,  -10,    0
0, 0, 0, 0,  -10,    0
0, 0, 0, 0,  -10,    0
0, 0, 0, 0,  -10,    0
0, 0, 0, 0,  -10,    0
0, 0, 0, 0,  -10,    0
0, 0, 0, 0,  -10,    0
0, 0, 0, 0,  -10,    0
0, 0, 0, 0,  -10,    0
0, 0, 0, 0,  -10,    0
0, 0, 0, 0,  -10,    0
0, 0, 0, 0,  -10,    0
0, 0, 0, 0,  -10,    0
0, 0, 0, 0,  -10,    0
0, 0, 0, 0,  -10,    0
0, 0, 0, 0,  -10,    0
0, 0, 0, 0,  -10,    0
0, 0, 0, 0,  -10,    0
0, 0, 0, 0,  -10,    0
0, 0, 0, 0,  -10,    0
0, 0, 0, 0,  -10,    0
0, 0, 0, 0,  -10,    0
0, 0, 0, 0,  -10,    0
0, 0, 0, 0,  -10,    0
0, 0, 0, 0,  -10,    0
0, 0, 0, 0,  -10,    0
0, 0, 0, 0,  -10,    0
0, 0, 0, 0,  -10,    0
0, 0, 0, 0,  -10,    0
0, 0, 0, 0,  -10,    0
0, 0, 0, 0,  -10,    0
0, 0, 0, 0,  -10,    0
0, 0, 0, 0,  -10,    0
0, 0, 0, 0,  -10,    0
0, 0, 0, 0,  -10,    0
0, 0, 0, 0,  -10,    0
0, 0, 0, 0,  -10,    0
0, 0, 0, 0,  -10,    0
0, 0, 0, 0,  -10,    0
0, 0, 0, 0,  -10,    0
0, 0, 0, 0,  -10,    0
0, 0, 0, 0,  -10,    0
0, 0, 0, 0,  -10,    0
0, 0, 0, 0,  -10,    0
0, 0, 0, 0,  -10,    0
0, 0, 0, 0,  -10,    0
0, 0, 0, 0,  -10,    0
0, 0, 0, 0,  -10,    0
0, 0, 0, 0,  -10,    0
0, 0, 0, 0,  -10,    0
0, 0, 0, 0,  -10,    0
0, 0, 0, 0,  -10,    0
0, 0, 0, 0,  -10,    0
0, 0, 0, 0,  -10,    0
0, 0, 0, 0,  -10,    0
0, 0, 0, 0,  -10,    0
0, 0, 0, 0,  -10,    0
0, 0, 0, 0,  -10,    0
0, 0, 0, 0,  -10,    0
0, 0, 0, 0,  -10,    0
0, 0, 0, 0,  -10,    0
0, 0, 0, 0,  -10,    0
0, 0, 0, 0,  -10,    0
0, 0, 0, 0,  -10,    0
0, 0, 0, 0,  -10,    0
0, 0, 0, 0,  -10,    0
0, 0, 0, 0,  -10,    0
0, 0, 0, 0,  -10,    0
0, 0, 0, 0,  -10,    0
0, 0, 0, 0,  -10,    0
0, 0, 0, 0,  -10,    0
0, 0, 0, 0,  -10,    0
0, 0, 0, 0,  -10,    0
0, 0, 0, 0,  -10,    0
0, 0, 0, 0,  -10,    0
0, 0, 0, 0,  -10,    0
0, 0, 0, 0,  -10,    0
0, 0, 0, 0,  -10,    0
0, 0, 0, 0,  -10,    0
0, 0, 0, 0,  -10,    0
0, 0, 0, 0,  -10,    0
0, 0, 0, 0,  -10,    0
0, 0, 0, 0,  -10,    0
0, 0, 0, 0,  -10,    0
0, 0, 0, 0,  -10,    0
0, 0, 0, 0,  -10,    0
0, 0, 0, 0,  -10,    0
0, 0, 0, 0,  -10,    0
0, 0, 0, 0,  -10,    0
0, 0, 0, 0,  -10,    0
0, 0, 0, 0,  -10,    0
0, 0, 0, 0,  -10,    0
0, 0, 0, 0,  -10,    0
0, 0, 0, 0,  -10,    0
0, 0, 0, 0,  -10,    0
0, 0, 0, 0,  -10,    0
0, 0, 0, 0,  -10,    0
0, 0, 0, 0,  -10,    0
0, 0, 0, 0,  -10,    0
0, 0, 0, 0,  -10,    0
0, 0, 0, 0,  -10,    0
0, 0, 0, 0,  -10,    0
0, 0, 0, 0,  -10,    0
0, 0, 0, 0,  -10,    0
0, 0, 0, 0,  -10,    0
0, 0, 0, 0,  -10,    0
0, 0, 0, 0,  -10,    0
0, 0, 0, 0,  -10,    0
0, 0, 0, 0,  -10,    0
0, 0, 0, 0,  -10,    0
0, 0, 0, 0,  -10,    0
0, 0, 0, 0,  -10,    0
0, 0, 0, 0,  -10,    0
0, 0, 0, 0,  -10,    0
0, 0, 0, 0,  -10,    0
0, 0, 0, 0,  -10,    0
0, 0, 0, 0,  -10,    0
0, 0, 0, 0,  -10,    0
0, 0, 0, 0,  -10,    0
0, 0, 0, 0,  -10,    0
0, 0, 0, 0,  -10,    0
0, 0, 0, 0,  -10,    0
0, 0, 0, 0,  -10,    0
0, 0, 0, 0,  -10,    0
0, 0, 0, 0,  -10,    0
0, 0, 0, 0,  -10,    0
0, 0, 0, 0,  -10,    0
0, 0, 0, 0,  -10,    0
0, 0, 0, 0,  -10,    0
0, 0, 0, 0,  -10,    0
0, 0, 0, 0,  -10,    0
0, 0, 0, 0,  -10,    0
0, 0, 0, 0,  -10,    0
0, 0, 0, 0,  -10,    0
0, 0, 0, 0,  -10,    0
0, 0, 0, 0,  -10,    0
0, 0, 0, 0,  -10,    0
0, 0, 0, 0,  -10,    0
0, 0, 0, 0,  -10,    0
0, 0, 0, 0,  -10,    0
0, 0, 0, 0,  -10,    0
0, 0, 0, 0,  -10,    0
0, 0, 0, 0,  -10,    0
0, 0, 0, 0,  -10,    0
0, 0, 0, 0,  -10,    0
0, 0, 0, 0,  -10,    0
0, 0, 0, 0,  -10,    0
0, 0, 0, 0,  -10,    0
0, 0, 0, 0,  -10,    0
0, 0, 0, 0,  -10,    0
0, 0, 0, 0,  -10,    0
0, 0, 0, 0,  -10,    0
0, 0, 0, 0,  -10,    0
0, 0, 0, 0,  -10,    0
0, 0, 0, 0,  -10,    0
0, 0, 0, 0,  -10,    0
0, 0, 0, 0,  -10,    0
0, 0, 0, 0,  -10,    0
0, 0, 0, 0,  -10,    0
0, 0, 0, 0,  -10,    0
0, 0, 0, 0,  -10,    0
0, 0, 0, 0,  -10,    0
0, 0, 0, 0,  -10,    0
0, 0, 0, 0,  -10,    0
0, 0, 0, 0,  -10,    0
0, 0, 0, 0,  -10,    0
0, 0, 0, 0,  -10,    0
0, 0, 0, 0,  -10,    0
0, 0, 0, 0,  -10,    0
0, 0, 0, 0,  -10,    0
0, 0, 0, 0,  -10,    0
0, 0, 0, 0,  -10,    0
0, 0, 0, 0,  -10,    0
0, 0, 0, 0,  -10,    0
0, 0, 0, 0,  -10,    0
0, 0, 0, 0,  -10,    0
0, 0, 0, 0,  -10,    0
0, 0, 0, 0,  -10,    0
0, 0, 0, 0,  -10,    0
0, 0, 0, 0,  -10,    0
0, 0, 0, 0,  -10,    0
0, 0, 0, 0,  -10,    0
0, 0, 0, 0,  -10,    0
0, 0, 0, 0,  -10,    0
0, 0, 0, 0,  -10,    0
0, 0, 0, 0,  -10,    0
0, 0, 0, 0,  -10,    0
0, 0, 0, 0,  -10,    0
0, 0, 0, 0,  -10,    0
0, 0, 0, 0,  -10,    0
0, 0, 0, 0,  -10,    0
0, 0, 0, 0,  -10,    0
0, 0, 0, 0,  -10,    0
0, 0, 0, 0,  -10,    0
0, 0, 0, 0,  -10,    0
0, 0, 0, 0,  -10,    0
0, 0, 0, 0,  -10,    0
0, 0, 0, 0,  -10,    0
0, 0, 0, 0,  -10,    0
0, 0, 0, 0,  -10,    0
0, 0, 0, 0,  -10,    0
0, 0, 0, 0,  -10,    0
0, 0, 0, 0,  -10,    0
0, 0, 0, 0,  -10,    0
0, 0, 0, 0,  -10,    0
0, 0, 0, 0,  -10,    0
0, 0, 0, 0,  -10,    0
0, 0, 0, 0,  -10,    0
0, 0, 0, 0,  -10,    0
0, 0, 0, 0,  -10,    0
0, 0, 0, 0,  -10,    0
0, 0, 0, 0,  -10,    0
0, 0, 0, 0,  -10,    0
0, 0, 0, 0,  -10,    0
0, 0, 0, 0,  -10,    0
0, 0, 0, 0,  -10,    0
0, 0, 0, 0,  -10,    0
0, 0, 0, 0,  -10,    0
0, 0, 0, 0,  -10,    0
0, 0, 0, 0,  -10,    0
0, 0, 0, 0,  -10,    0
0, 0, 0, 0,  -10,    0
0, 0, 0, 0,  -10,    0
0, 0, 0, 0,  -10,    0
0, 0, 0, 0,  -10,    0
0, 0, 0, 0,  -10,    0
0, 0, 0, 0,  -10,    0
0, 0, 0, 0,  -10,    0
0, 0, 0, 0,  -10,    0
0, 0, 0, 0,  -10,    0
0, 0, 0, 0,  -10,    0
0, 0, 0, 0,  -10,    0
0, 0, 0, 0,  -10,    0
0, 0, 0, 0,  -10,    0
0, 0, 0, 0,  -10,    0
0, 0, 0, 0,  -10,    0
0, 0, 0, 0,  -10,    0
0, 0, 0, 0,  -10,    0
0, 0, 0, 0,  -10,    0
0, 0, 0, 0,  -10,    0
0, 0, 0, 0,  -10,    0
0, 0, 0, 0,  -10,    0
0, 0, 0, 0,  -10,    0
0, 0, 0, 0,  -10,    0
0, 0, 0, 0,  -10,    0
0, 0, 0, 0,  -10,    0
0, 0, 0, 0,  -10,    0
0, 0, 0, 0,  -10,    0
0, 0, 0, 0,  -10,    0
0, 0, 0, 0,  -10,    0
0, 0, 0, 0,  -10,    0
0, 0, 0, 0,  -10,    0
0, 0, 0, 0,  -10,    0
0, 0, 0, 0,  -10,    0
0, 0, 0, 0,  -10,    0
0, 0, 0, 0,  -10,    0
0, 0, 0, 0,  -10,    0
0, 0, 0, 0,  -10,    0
0, 0, 0, 0,  -10,    0
0, 0, 0, 0,  -10,    0
0, 0, 0, 0,  -10,    0
0, 0, 0, 0,  -10,    0
0, 0, 0, 0,  -10,    0
0, 0, 0, 0,  -10,    0
0, 0, 0, 0,  -10,    0
0, 0, 0, 0,  -10,    0
0, 0, 0, 0,  -10,    0
0, 0, 0, 0,  -10,    0
0, 0, 0, 0,  -10,    0
0, 0, 0, 0,  -10,    0
0, 0, 0, 0,  -10,    0
0, 0, 0, 0,  -10,    0
0, 0, 0, 0,  -10,    0
0, 0, 0, 0,  -10,    0
0, 0, 0, 0,  -10,    0
0, 0, 0, 0,  -10,    0
0, 0, 0, 0,  -10,    0
0, 0, 0, 0,  -10,    0
0, 0, 0, 0,  -10,    0
0, 0, 0, 0,  -10,    0
0, 0, 0, 0,  -10,    0
0, 0, 0, 0,  -10,    0
0, 0, 0, 0,  -10,    0
0, 0, 0, 0,  -10,    0
0, 0, 0, 0,  -10,    0
0, 0, 0, 0,  -10,    0
0, 0, 0, 0,  -10,    0
0, 0, 0, 0,  -10,    0
0, 0, 0, 0,  -10,    0
0, 0, 0, 0,  -10,    0
0, 0, 0, 0,  -10,    0
0, 0, 0, 0,  -10,    0
0, 0, 0, 0,  -10,    0
0, 0, 0, 0,  -10,    0
0, 0, 0, 0,  -10,    0
0, 0, 0, 0,  -10,    0
0, 0, 0, 0,  -10,    0
0, 0, 0, 0,  -10,    0
0, 0, 0, 0,  -10,    0
0, 0, 0, 0,  -10,    0
0, 0, 0, 0,  -10,    0
0, 0, 0, 0,  -10,    0
0, 0, 0, 0,  -10,    0
0, 0, 0, 0,  -10,    0
0, 0, 0, 0,  -10,    0
0, 0, 0, 0,  -10,    0
0, 0, 0, 0,  -10,    0
0, 0, 0, 0,  -10,    0
0, 0, 0, 0,  -10,    0
0, 0, 0, 0,  -10,    0
0, 0, 0, 0,  -10,    0
0, 0, 0, 0,  -10,    0
0, 0, 0, 0,  -10,    0
0, 0, 0, 0,  -10,    0
0, 0, 0, 0,  -10,    0
0, 0, 0, 0,  -10,    0
0, 0, 0, 0,  -10,    0
0, 0, 0, 0,  -10,    0
0, 0, 0, 0,  -10,    0
0, 0, 0, 0,  -10,    0
0, 0, 0, 0,  -10,    0
0, 0, 0, 0,  -10,    0
0, 0, 0, 0,  -10,    0
0, 0, 0, 0,  -10,    0
0, 0, 0, 0,  -10,    0
0, 0, 0, 0,  -10,    0
0, 0, 0, 0,  -10,    0
0, 0, 0, 0,  -10,    0
0, 0, 0, 0,  -10,    0
0, 0, 0, 0,  -10,    0
0, 0, 0, 0,  -10,    0
0, 0, 0, 0,  -10,    0
0, 0, 0, 0,  -10,    0
0, 0, 0, 0,  -10,    0
0, 0, 0, 0,  -10,    0
0, 0, 0, 0,  -10,    0
0, 0, 0, 0,  -10,    0
0, 0, 0, 0,  -10,    0
0, 0, 0, 0,  -10,    0
0, 0, 0, 0,  -10,    0
0, 0, 0, 0,  -10,    0
0, 0, 0, 0,  -10,    0
0, 0, 0, 0,  -10,    0
0, 0, 0, 0,  -10,    0
0, 0, 0, 0,  -10,    0
0, 0, 0, 0,  -10,    0
0, 0, 0, 0,  -10,    0
0, 0, 0, 0,  -10,    0
0, 0, 0, 0,  -10,    0
0, 0, 0, 0,  -10,    0
0, 0, 0, 0,  -10,    0
0, 0, 0, 0,  -10,    0
0, 0, 0, 0,  -10,    0
0, 0, 0, 0,  -10,    0
0, 0, 0, 0,  -10,    0
0, 0, 0, 0,  -10,    0
0, 0, 0, 0,  -10,    0
0, 0, 0, 0,  -10,    0
0, 0, 0, 0,  -10,    0
0, 0, 0, 0,  -10,    0
0, 0, 0, 0,  -10,    0
0, 0, 0, 0,  -10,    0
0, 0, 0, 0,  -10,    0
0, 0, 0, 0,  -10,    0
0, 0, 0, 0,  -10,    0
0, 0, 0, 0,  -10,    0
0, 0, 0, 0,  -10,    0
0, 0, 0, 0,  -10,    0
0, 0, 0, 0,  -10,    0
0, 0, 0, 0,  -10,    0
0, 0, 0, 0,  -10,    0
0, 0, 0, 0,  -10,    0
0, 0, 0, 0,  -10,    0
0, 0, 0, 0,  -10,    0
0, 0, 0, 0,  -10,    0
0, 0, 0, 0,  -10,    0
0, 0, 0, 0,  -10,    0
0, 0, 0, 0,  -10,    0
0, 0, 0, 0,  -10,    0
0, 0, 0, 0,  -10,    0
0, 0, 0, 0,  -10,    0
0, 0, 0, 0,  -10,    0
0, 0, 0, 0,  -10,    0
0, 0, 0, 0,  -10,    0
0, 0, 0, 0,  -10,    0
0, 0, 0, 0,  -10,    0
0, 0, 0, 0,  -10,    0
0, 0, 0, 0,  -10,    0
0, 0, 0, 0,  -10,    0
0, 0, 0, 0,  -10,    0
0, 0, 0, 0,  -10,    0
0, 0, 0, 0,  -10,    0
0, 0, 0, 0,  -10,    0
0, 0, 0, 0,  -10,    0
0, 0, 0, 0,  -10,    0
0, 0, 0, 0,  -10,    0
0, 0, 0, 0,  -10,    0
0, 0, 0, 0,  -10,    0
0, 0, 0, 0,  -10,    0
0, 0, 0, 0,  -10,    0
0, 0, 0, 0,  -10,    0
0, 0, 0, 0,  -10,    0
0, 0, 0, 0,  -10,    0
0, 0, 0, 0,  -10,    0
0, 0, 0, 0,  -10,    0
0, 0, 0, 0,  -10,    0
0, 0, 0, 0,  -10,    0
0, 0, 0, 0,  -10,    0
0, 0, 0, 0,  -10,    0
0, 0, 0, 0,  -10,    0
0, 0, 0, 0,  -10,    0
0, 0, 0, 0,  -10,    0
0, 0, 0, 0,  -10,    0
0, 0, 0, 0,  -10,    0
0, 0, 0, 0,  -10,    0
0, 0, 0, 0,  -10,    0
0, 0, 0, 0,  -10,    0
0, 0, 0, 0,  -10,    0
0, 0, 0, 0,  -10,    0
0, 0, 0, 0,  -10,    0
0, 0, 0, 0,  -10,    0
0, 0, 0, 0,  -10,    0
0, 0, 0, 0,  -10,    0
0, 0, 0, 0,  -10,    0
0, 0, 0, 0,  -10,    0
0, 0, 0, 0,  -10,    0
0, 0, 0, 0,  -10,    0
0, 0, 0, 0,  -10,    0
0, 0, 0, 0,  -10,    0
0, 0, 0, 0,  -10,    0
0, 0, 0, 0,  -10,    0
0, 0, 0, 0,  -10,    0
0, 0, 0, 0,  -10,    0
0, 0, 0, 0,  -10,    0
0, 0, 0, 0,  -10,    0
0, 0, 0, 0,  -10,    0
0, 0, 0, 0,  -10,    0
0, 0, 0, 0,  -10,    0
0, 0, 0, 0,  -10,    0
0, 0, 0, 0,  -10,    0
0, 0, 0, 0,  -10,    0
0, 0, 0, 0,  -10,    0
0, 0, 0, 0,  -10,    0
0, 0, 0, 0,  -10,    0
0, 0, 0, 0,  -10,    0
0, 0, 0, 0,  -10,    0
0, 0, 0, 0,  -10,    0
0, 0, 0, 0,  -10,    0
0, 0, 0, 0,  -10,    0
0, 0, 0, 0,  -10,    0
0, 0, 0, 0,  -10,    0
0, 0, 0, 0,  -10,    0
0, 0, 0, 0,  -10,    0
0, 0, 0, 0,  -10,    0
0, 0, 0, 0,  -10,    0
0, 0, 0, 0,  -10,    0
0, 0, 0, 0,  -10,    0
0, 0, 0, 0,  -10,    0
0, 0, 0, 0,  -10,    0
0, 0, 0, 0,  -10,    0
0, 0, 0, 0,  -10,    0
0, 0, 0, 0,  -10,    0
0, 0, 0, 0,  -10,    0
0, 0, 0, 0,  -10,    0
0, 0, 0, 0,  -10,    0
0, 0, 0, 0,  -10,    0
0, 0, 0, 0,  -10,    0
0, 0, 0, 0,  -10,    0
0, 0, 0, 0,  -10,    0
0, 0, 0, 0,  -10,    0
0, 0, 0, 0,  -10,    0
0, 0, 0, 0,  -10,    0
0, 0, 0, 0,  -10,    0
0, 0, 0, 0,  -10,    0
0, 0, 0, 0,  -10,    0
0, 0, 0, 0,  -10,    0
0, 0, 0, 0,  -10,    0
0, 0, 0, 0,  -10,    0
0, 0, 0, 0,  -10,    0
0, 0, 0, 0,  -10,    0
0, 0, 0, 0,  -10,    0
0, 0, 0, 0,  -10,    0
0, 0, 0, 0,  -10,    0
0, 0, 0, 0,  -10,    0
0, 0, 0, 0,  -10,    0
0, 0, 0, 0,  -10,    0
0, 0, 0, 0,  -10,    0
0, 0, 0, 0,  -10,    0
0, 0, 0, 0,  -10,    0
0, 0, 0, 0,  -10,    0
0, 0, 0, 0,  -10,    0
0, 0, 0, 0,  -10,    0
0, 0, 0, 0,  -10,    0
0, 0, 0, 0,  -10,    0
0, 0, 0, 0,  -10,    0
0, 0, 0, 0,  -10,    0
0, 0, 0, 0,  -10,    0
0, 0, 0, 0,  -10,    0
0, 0, 0, 0,  -10,    0
0, 0, 0, 0,  -10,    0
0, 0, 0, 0,  -10,    0
0, 0, 0, 0,  -10,    0
0, 0, 0, 0,  -10,    0
0, 0, 0, 0,  -10,    0
0, 0, 0, 0,  -10,    0
0, 0, 0, 0,  -10,    0
0, 0, 0, 0,  -10,    0
0, 0, 0, 0,  -10,    0
0, 0, 0, 0,  -10,    0
0, 0, 0, 0,  -10,    0
0, 0, 0, 0,  -10,    0
0, 0, 0, 0,  -10,    0
0, 0, 0, 0,  -10,    0
0, 0, 0, 0,  -10,    0
0, 0, 0, 0,  -10,    0
0, 0, 0, 0,  -10,    0
0, 0, 0, 0,  -10,    0
0, 0, 0, 0,  -10,    0
0, 0, 0, 0,  -10,    0
0, 0, 0, 0,  -10,    0
0, 0, 0, 0,  -10,    0
0, 0, 0, 0,  -10,    0
0, 0, 0, 0,  -10,    0
0, 0, 0, 0,  -10,    0
0, 0, 0, 0,  -10,    0
0, 0, 0, 0,  -10,    0
0, 0, 0, 0,  -10,    0
0, 0, 0, 0,  -10,    0
0, 0, 0, 0,  -10,    0
0, 0, 0, 0,  -10,    0
0, 0, 0, 0,  -10,    0
0, 0, 0, 0,  -10,    0
0, 0, 0, 0,  -10,    0
0, 0, 0, 0,  -10,    0
0, 0, 0, 0,  -10,    0
0, 0, 0, 0,  -10,    0
0, 0, 0, 0,  -10,    0
0, 0, 0, 0,  -10,    0
0, 0, 0, 0,  -10,    0
0, 0, 0, 0,  -10,    0
0, 0, 0, 0,  -10,    0
0, 0, 0, 0,  -10,    0
0, 0, 0, 0,  -10,    0
0, 0, 0, 0,  -10,    0
0, 0, 0, 0,  -10,    0
0, 0, 0, 0,  -10,    0
0, 0, 0, 0,  -10,    0
0, 0, 0, 0,  -10,    0
0, 0, 0, 0,  -10,    0
0, 0, 0, 0,  -10,    0
0, 0, 0, 0,  -10,    0
0, 0, 0, 0,  -10,    0
0, 0, 0, 0,  -10,    0
0, 0, 0, 0,  -10,    0
0, 0, 0, 0,  -10,    0
0, 0, 0, 0,  -10,    0
0, 0, 0, 0,  -10,    0
0, 0, 0, 0,  -10,    0
0, 0, 0, 0,  -10,    0
0, 0, 0, 0,  -10,    0
0, 0, 0, 0,  -10,    0
0, 0, 0, 0,  -10,    0
0, 0, 0, 0,  -10,    0
0, 0, 0, 0,  -10,    0
0, 0, 0, 0,  -10,    0
0, 0, 0, 0,  -10,    0
0, 0, 0, 0,  -10,    0
0, 0, 0, 0,  -10,    0
0, 0, 0, 0,  -10,    0
0, 0, 0, 0,  -10,    0
0, 0, 0, 0,  -10,    0
0, 0, 0, 0,  -10,    0
0, 0, 0, 0,  -10,    0
0, 0, 0, 0,  -10,    0
0, 0, 0, 0,  -10,    0
0, 0, 0, 0,  -10,    0
0, 0, 0, 0,  -10,    0
0, 0, 0, 0,  -10,    0
0, 0, 0, 0,  -10,    0
0, 0, 0, 0,  -10,    0
0, 0, 0, 0,  -10,    0
0, 0, 0, 0,  -10,    0
0, 0, 0, 0,  -10,    0
0, 0, 0, 0,  -10,    0
0, 0, 0, 0,  -10,    0
0, 0, 0, 0,  -10,    0
0, 0, 0, 0,  -10,    0
0, 0, 0, 0,  -10,    0
0, 0, 0, 0,  -10,    0
0, 0, 0, 0,  -10,    0
0, 0, 0, 0,  -10,    0
0, 0, 0, 0,  -10,    0
0, 0, 0, 0,  -10,    0
0, 0, 0, 0,  -10,    0
0, 0, 0, 0,  -10,    0
0, 0, 0, 0,  -10,    0
0, 0, 0, 0,  -10,    0
0, 0, 0, 0,  -10,    0
0, 0, 0, 0,  -10,    0
0, 0, 0, 0,  -10,    0
0, 0, 0, 0,  -10,    0
0, 0, 0, 0,  -10,    0
0, 0, 0, 0,  -10,    0
0, 0, 0, 0,  -10,    0
0, 0, 0, 0,  -10,    0
0, 0, 0, 0,  -10,    0
0, 0, 0, 0,  -10,    0
0, 0, 0, 0,  -10,    0
0, 0, 0, 0,  -10,    0
0, 0, 0, 0,  -10,    0
0, 0, 0, 0,  -10,    0
0, 0, 0, 0,  -10,    0
0, 0, 0, 0,  -10,    0
0, 0, 0, 0,  -10,    0
0, 0, 0, 0,  -10,    0
0, 0, 0, 0,  -10,    0
0, 0, 0, 0,  -10,    0
0, 0, 0, 0,  -10,    0
0, 0, 0, 0,  -10,    0
0, 0, 0, 0,  -10,    0
0, 0, 0, 0,  -10,    0
0, 0, 0, 0,  -10,    0
0, 0, 0, 0,  -10,    0
0, 0, 0, 0,  -10,    0
0, 0, 0, 0,  -10,    0
0, 0, 0, 0,  -10,    0
0, 0, 0, 0,  -10,    0
0, 0, 0, 0,  -10,    0
0, 0, 0, 0,  -10,    0
0, 0, 0, 0,  -10,    0
0, 0, 0, 0,  -10,    0
0, 0, 0, 0,  -10,    0
0, 0, 0, 0,  -10,    0
0, 0, 0, 0,  -10,    0
0, 0, 0, 0,  -10,    0
0, 0, 0, 0,  -10,    0
0, 0, 0, 0,  -10,    0
0, 0, 0, 0,  -10,    0
0, 0, 0, 0,  -10,    0
0, 0, 0, 0,  -10,    0
0, 0, 0, 0,  -10,    0
0, 0, 0, 0,  -10,    0
0, 0, 0, 0,  -10,    0
0, 0, 0, 0,  -10,    0
0, 0, 0, 0,  -10,    0
0, 0, 0, 0,  -10,    0
0, 0, 0, 0,  -10,    0
0, 0, 0, 0,  -10,    0
0, 0, 0, 0,  -10,    0
0, 0, 0, 0,  -10,    0
0, 0, 0, 0,  -10,    0
0, 0, 0, 0,  -10,    0
0, 0, 0, 0,  -10,    0
0, 0, 0, 0,  -10,    0
0, 0, 0, 0,  -10,    0
0, 0, 0, 0,  -10,    0
0, 0, 0, 0,  -10,    0
0, 0, 0, 0,  -10,    0
0, 0, 0, 0,  -10,    0
0, 0, 0, 0,  -10,    0
0, 0, 0, 0,  -10,    0
0, 0, 0, 0,  -10,    0
0, 0, 0, 0,  -10,    0
0, 0, 0, 0,  -10,    0
0, 0, 0, 0,  -10,    0
0, 0, 0, 0,  -10,    0
0, 0, 0, 0,  -10,    0
0, 0, 0, 0,  -10,    0
0, 0, 0, 0,  -10,    0
0, 0, 0, 0,  -10,    0
0, 0, 0, 0,  -10,    0
0, 0, 0, 0,  -10,    0
0, 0, 0, 0,  -10,    0
0, 0, 0, 0,  -10,    0
0, 0, 0, 0,  -10,    0
0, 0, 0, 0,  -10,    0
0, 0, 0, 0,  -10,    0
0, 0, 0, 0,  -10,    0
0, 0, 0, 0,  -10,    0
0, 0, 0, 0,  -10,    0
0, 0, 0, 0,  -10,    0
0, 0, 0, 0,  -10,    0
0, 0, 0, 0,  -10,    0
0, 0, 0, 0,  -10,    0
0, 0, 0, 0,  -10,    0
0, 0, 0, 0,  -10,    0
0, 0, 0, 0,  -10,    0
0, 0, 0, 0,  -10,    0
0, 0, 0, 0,  -10,    0
0, 0, 0, 0,  -10,    0
0, 0, 0, 0,  -10,    0
0, 0, 0, 0,  -10,    0
0, 0, 0, 0,  -10,    0
0, 0, 0, 0,  -10,    0
0, 0, 0, 0,  -10,    0
0, 0, 0, 0,  -10,    0
0, 0, 0, 0,  -10,    0
0, 0, 0, 0,  -10,    0
0, 0, 0, 0,  -10,    0
0, 0, 0, 0,  -10,    0
0, 0, 0, 0,  -10,    0
0, 0, 0, 0,  -10,    0
0, 0, 0, 0,  -10,    0
0, 0, 0, 0,  -10,    0
0, 0, 0, 0,  -10,    0
0, 0, 0, 0,  -10,    0
0, 0, 0, 0,  -10,    0
0, 0, 0, 0,  -10,    0
0, 0, 0, 0,  -10,    0
0, 0, 0, 0,  -10,    0
0, 0, 0, 0,  -10,    0
0, 0, 0, 0,  -10,    0
0, 0, 0, 0,  -10,    0
0, 0, 0, 0,  -10,    0
0, 0, 0, 0,  -10,    0
0, 0, 0, 0,  -10,    0
0, 0, 0, 0,  -10,    0
0, 0, 0, 0,  -10,    0
0, 0, 0, 0,  -10,    0
0, 0, 0, 0,  -10,    0
0, 0, 0, 0,  -10,    0
0, 0, 0, 0,  -10,    0
0, 0, 0, 0,  -10,    0
0, 0, 0, 0,  -10,    0
0, 0, 0, 0,  -10,    0
0, 0, 0, 0,  -10,    0
0, 0, 0, 0,  -10,    0
0, 0, 0, 0,  -10,    0
0, 0, 0, 0,  -10,    0
0, 0, 0, 0,  -10,    0
0, 0, 0, 0,  -10,    0
0, 0, 0, 0,  -10,    0
0, 0, 0, 0,  -10,    0
0, 0, 0, 0,  -10,    0
0, 0, 0, 0,  -10,    0
0, 0, 0, 0,  -10,    0
0, 0, 0, 0,  -10,    0
0, 0, 0, 0,  -10,    0
0, 0, 0, 0,  -10,    0
0, 0, 0, 0,  -10,    0
0, 0, 0, 0,  -10,    0
0, 0, 0, 0,  -10,    0
0, 0, 0, 0,  -10,    0
0, 0, 0, 0,  -10,    0
0, 0, 0, 0,  -10,    0
0, 0, 0, 0,  -10,    0
0, 0, 0, 0,  -10,    0
0, 0, 0, 0,  -10,    0
0, 0, 0, 0,  -10,    0
0, 0, 0, 0,  -10,    0
0, 0, 0, 0,  -10,    0
0, 0, 0, 0,  -10,    0
0, 0, 0, 0,  -10,    0
0, 0, 0, 0,  -10,    0
0, 0, 0, 0,  -10,    0
0, 0, 0, 0,  -10,    0
0, 0, 0, 0,  -10,    0
0, 0, 0, 0,  -10,    0
0, 0, 0, 0,  -10,    0
0, 0, 0, 0,  -10,    0
0, 0, 0, 0,  -10,    0
0, 0, 0, 0,  -10,    0
0, 0, 0, 0,  -10,    0
0, 0, 0, 0,  -10,    0
0, 0, 0, 0,  -10,    0
0, 0, 0, 0,  -10,    0
0, 0, 0, 0,  -10,    0
0, 0, 0, 0,  -10,    0
0, 0, 0, 0,  -10,    0
0, 0, 0, 0,  -10,    0
0, 0, 0, 0,  -10,    0
0, 0, 0, 0,  -10,    0
0, 0, 0, 0,  -10,    0
0, 0, 0, 0,  -10,    0
0, 0, 0, 0,  -10,    0
0, 0, 0, 0,  -10,    0
0, 0, 0, 0,  -10,    0
0, 0, 0, 0,  -10,    0
0, 0, 0, 0,  -10,    0
0, 0, 0, 0,  -10,    0
0, 0, 0, 0,  -10,    0
0, 0, 0, 0,  -10,    0
0, 0, 0, 0,  -10,    0
0, 0, 0, 0,  -10,    0
0, 0, 0, 0,  -10,    0
0, 0, 0, 0,  -10,    0
0, 0, 0, 0,  -10,    0
0, 0, 0, 0,  -10,    0
0, 0, 0, 0,  -10,    0
0, 0, 0, 0,  -10,    0
0, 0, 0, 0,  -10,    0
0, 0, 0, 0,  -10,    0
0, 0, 0, 0,  -10,    0
0, 0, 0, 0,  -10,    0
0, 0, 0, 0,  -10,    0
0, 0, 0, 0,  -10,    0
0, 0, 0, 0,  -10,    0
0, 0, 0, 0,  -10,    0
0, 0, 0, 0,  -10,    0
0, 0, 0, 0,  -10,    0
0, 0, 0, 0,  -10,    0
0, 0, 0, 0,  -10,    0
0, 0, 0, 0,  -10,    0
0, 0, 0, 0,  -10,    0
0, 0, 0, 0,  -10,    0
0, 0, 0, 0,  -10,    0
0, 0, 0, 0,  -10,    0
0, 0, 0, 0,  -10,    0
0, 0, 0, 0,  -10,    0
0, 0, 0, 0,  -10,    0
0, 0, 0, 0,  -10,    0
0, 0, 0, 0,  -10,    0
0, 0, 0, 0,  -10,    0
0, 0, 0, 0,  -10,    0
0, 0, 0, 0,  -10,    0
0, 0, 0, 0,  -10,    0
0, 0, 0, 0,  -10,    0
0, 0, 0, 0,  -10,    0
0, 0, 0, 0,  -10,    0
0, 0, 0, 0,  -10,    0
0, 0, 0, 0,  -10,    0
0, 0, 0, 0,  -10,    0
0, 0, 0, 0,  -10,    0
0, 0, 0, 0,  -10,    0
0, 0, 0, 0,  -10,    0
0, 0, 0, 0,  -10,    0
0, 0, 0, 0,  -10,    0
0, 0, 0, 0,  -10,    0
0, 0, 0, 0,  -10,    0
0, 0, 0, 0,  -10,    0
0, 0, 0, 0,  -10,    0
0, 0, 0, 0,  -10,    0
0, 0, 0, 0,  -10,    0
0, 0, 0, 0,  -10,    0
0, 0, 0, 0,  -10,    0
0, 0, 0, 0,  -10,    0
0, 0, 0, 0,  -10,    0
0, 0, 0, 0,  -10,    0
0, 0, 0, 0,  -10,    0
0, 0, 0, 0,  -10,    0
0, 0, 0, 0,  -10,    0
0, 0, 0, 0,  -10,    0
0, 0, 0, 0,  -10,    0
0, 0, 0, 0,  -10,    0
0, 0, 0, 0,  -10,    0
0, 0, 0, 0,  -10,    0
0, 0, 0, 0,  -10,    0
0, 0, 0, 0,  -10,    0
0, 0, 0, 0,  -10,    0
0, 0, 0, 0,  -10,    0
0, 0, 0, 0,  -10,    0
0, 0, 0, 0,  -10,    0
0, 0, 0, 0,  -10,    0
0, 0, 0, 0,  -10,    0
0, 0, 0, 0,  -10,    0
0, 0, 0, 0,  -10,    0
0, 0, 0, 0,  -10,    0
0, 0, 0, 0,  -10,    0
0, 0, 0, 0,  -10,    0
0, 0, 0, 0,  -10,    0
0, 0, 0, 0,  -10,    0
0, 0, 0, 0,  -10,    0
0, 0, 0, 0,  -10,    0
0, 0, 0, 0,  -10,    0
0, 0, 0, 0,  -10,    0
0, 0, 0, 0,  -10,    0
0, 0, 0, 0,  -10,    0
0, 0, 0, 0,  -10,    0
0, 0, 0, 0,  -10,    0
0, 0, 0, 0,  -10,    0
0, 0, 0, 0,  -10,    0
0, 0, 0, 0,  -10,    0
0, 0, 0, 0,  -10,    0
0, 0, 0, 0,  -10,    0
0, 0, 0, 0,  -10,    0
0, 0, 0, 0,  -10,    0
0, 0, 0, 0,  -10,    0
0, 0, 0, 0,  -10,    0
0, 0, 0, 0,  -10,    0
0, 0, 0, 0,  -10,    0
0, 0, 0, 0,  -10,    0
0, 0, 0, 0,  -10,    0
0, 0, 0, 0,  -10,    0
0, 0, 0, 0,  -10,    0
0, 0, 0, 0,  -10,    0
0, 0, 0, 0,  -10,    0
0, 0, 0, 0,  -10,    0
0, 0, 0, 0,  -10,    0
0, 0, 0, 0,  -10,    0
0, 0, 0, 0,  -10,    0
0, 0, 0, 0,  -10,    0
0, 0, 0, 0,  -10,    0
0, 0, 0, 0,  -10,    0
0, 0, 0, 0,  -10,    0
0, 0, 0, 0,  -10,    0
0, 0, 0, 0,  -10,    0
0, 0, 0, 0,  -10,    0
0, 0, 0, 0,  -10,    0
0, 0, 0, 0,  -10,    0
0, 0, 0, 0,  -10,    0
0, 0, 0, 0,  -10,    0
0, 0, 0, 0,  -10,    0
0, 0, 0, 0,  -10,    0
0, 0, 0, 0,  -10,    0
0, 0, 0, 0,  -10,    0
0, 0, 0, 0,  -10,    0
0, 0, 0, 0,  -10,    0
0, 0, 0, 0,  -10,    0
0, 0, 0, 0,  -10,    0
0, 0, 0, 0,  -10,    0
0, 0, 0, 0,  -10,    0
0, 0, 0, 0,  -10,    0
0, 0, 0, 0,  -10,    0
0, 0, 0, 0,  -10,    0
0, 0, 0, 0,  -10,    0
0, 0, 0, 0,  -10,    0
0, 0, 0, 0,  -10,    0
0, 0, 0, 0,  -10,    0
0, 0, 0, 0,  -10,    0
0, 0, 0, 0,  -10,    0
0, 0, 0, 0,  -10,    0
0, 0, 0, 0,  -10,    0
0, 0, 0, 0,  -10,    0
0, 0, 0, 0,  -10,    0
0, 0, 0, 0,  -10,    0
0, 0, 0, 0,  -10,    0
0, 0, 0, 0,  -10,    0
0, 0, 0, 0,  -10,    0
0, 0, 0, 0,  -10,    0
0, 0, 0, 0,  -10,    0
0, 0, 0, 0,  -10,    0
0, 0, 0, 0,  -10,    0
0, 0, 0, 0,  -10,    0
0, 0, 0, 0,  -10,    0
0, 0, 0, 0,  -10,    0
0, 0, 0, 0,  -10,    0
0, 0, 0, 0,  -10,    0
0, 0, 0, 0,  -10,    0
0, 0, 0, 0,  -10,    0
0, 0, 0, 0,  -10,    0
0, 0, 0, 0,  -10,    0
0, 0, 0, 0,  -10,    0
0, 0, 0, 0,  -10,    0
0, 0, 0, 0,  -10,    0
0, 0, 0, 0,  -10,    0
0, 0, 0, 0,  -10,    0
0, 0, 0, 0,  -10,    0
0, 0, 0, 0,  -10,    0
0, 0, 0, 0,  -10,    0
0, 0, 0, 0,  -10,    0
0, 0, 0, 0,  -10,    0
0, 0, 0, 0,  -10,    0
0, 0, 0, 0,  -10,    0
0, 0, 0, 0,  -10,    0
0, 0, 0, 0,  -10,    0
0, 0, 0, 0,  -10,    0
0, 0, 0, 0,  -10,    0
0, 0, 0, 0,  -10,    0
0, 0, 0, 0,  -10,    0
0, 0, 0, 0,  -10,    0
0, 0, 0, 0,  -10,    0
0, 0, 0, 0,  -10,    0
0, 0, 0, 0,  -10,    0
0, 0, 0, 0,  -10,    0
0, 0, 0, 0,  -10,    0
0, 0, 0, 0,  -10,    0
0, 0, 0, 0,  -10,    0
0, 0, 0, 0,  -10,    0
0, 0, 0, 0,  -10,    0
0, 0, 0, 0,  -10,    0
0, 0, 0, 0,  -10,    0
0, 0, 0, 0,  -10,    0
0, 0, 0, 0,  -10,    0
0, 0, 0, 0,  -10,    0
0, 0, 0, 0,  -10,    0
0, 0, 0, 0,  -10,    0
0, 0, 0, 0,  -10,    0
0, 0, 0, 0,  -10,    0
0, 0, 0, 0,  -10,    0
0, 0, 0, 0,  -10,    0
0, 0, 0, 0,  -10,    0
0, 0, 0, 0,  -10,    0
0, 0, 0, 0,  -10,    0
0, 0, 0, 0,  -10,    0
0, 0, 0, 0,  -10,    0
0, 0, 0, 0,  -10,    0
0, 0, 0, 0,  -10,    0
0, 0, 0, 0,  -10,    0
0, 0, 0, 0,  -10,    0
0, 0, 0, 0,  -10,    0
0, 0, 0, 0,  -10,    0
0, 0, 0, 0,  -10,    0
0, 0, 0, 0,  -10,    0
0, 0, 0, 0,  -10,    0
0, 0, 0, 0,  -10,    0
0, 0, 0, 0,  -10,    0
0, 0, 0, 0,  -10,    0
0, 0, 0, 0,  -10,    0
0, 0, 0, 0,  -10,    0
0, 0, 0, 0,  -10,    0
0, 0, 0, 0,  -10,    0
0, 0, 0, 0,  -10,    0
0, 0, 0, 0,  -10,    0
0, 0, 0, 0,  -10,    0
0, 0, 0, 0,  -10,    0
0, 0, 0, 0,  -10,    0
0, 0, 0, 0,  -10,    0
0, 0, 0, 0,  -10,    0
0, 0, 0, 0,  -10,    0
0, 0, 0, 0,  -10,    0
0, 0, 0, 0,  -10,    0
0, 0, 0, 0,  -10,    0
0, 0, 0, 0,  -10,    0
0, 0, 0, 0,  -10,    0
0, 0, 0, 0,  -10,    0
0, 0, 0, 0,  -10,    0
0, 0, 0, 0,  -10,    0
0, 0, 0, 0,  -10,    0
0, 0, 0, 0,  -10,    0
0, 0, 0, 0,  -10,    0
0, 0, 0, 0,  -10,    0
0, 0, 0, 0,  -10,    0
0, 0, 0, 0,  -10,    0
0, 0, 0, 0,  -10,    0
0, 0, 0, 0,  -10,    0
0, 0, 0, 0,  -10,    0
0, 0, 0, 0,  -10,    0
0, 0, 0, 0,  -10,    0
0, 0, 0, 0,  -10,    0
0, 0, 0, 0,  -10,    0
0, 0, 0, 0,  -10,    0
0, 0, 0, 0,  -10,    0
0, 0, 0, 0,  -10,    0
0, 0, 0, 0,  -10,    0
0, 0, 0, 0,  -10,    0
0, 0, 0, 0,  -10,    0
0, 0, 0, 0,  -10,    0
0, 0, 0, 0,  -10,    0
0, 0, 0, 0,  -10,    0
0, 0, 0, 0,  -10,    0
0, 0, 0, 0,  -10,    0
0, 0, 0, 0,  -10,    0
0, 0, 0, 0,  -10,    0
0, 0, 0, 0,  -10,    0
0, 0, 0, 0,  -10,    0
0, 0, 0, 0,  -10,    0
0, 0, 0, 0,  -10,    0
0, 0, 0, 0,  -10,    0
0, 0, 0, 0,  -10,    0
0, 0, 0, 0,  -10,    0
0, 0, 0, 0,  -10,    0
0, 0, 0, 0,  -10,    0
0, 0, 0, 0,  -10,    0
0, 0, 0, 0,  -10,    0
0, 0, 0, 0,  -10,    0
0, 0, 0, 0,  -10,    0
0, 0, 0, 0,  -10,    0
0, 0, 0, 0,  -10,    0
0, 0, 0, 0,  -10,    0
0, 0, 0, 0,  -10,    0
0, 0, 0, 0,  -10,    0
0, 0, 0, 0,  -10,    0
0, 0, 0, 0,  -10,    0
0, 0, 0, 0,  -10,    0
0, 0, 0, 0,  -10,    0
0, 0, 0, 0,  -10,    0
0, 0, 0, 0,  -10,    0
0, 0, 0, 0,  -10,    0
0, 0, 0, 0,  -10,    0
0, 0, 0, 0,  -10,    0
0, 0, 0, 0,  -10,    0
0, 0, 0, 0,  -10,    0
0, 0, 0, 0,  -10,    0
0, 0, 0, 0,  -10,    0
0, 0, 0, 0,  -10,    0
0, 0, 0, 0,  -10,    0
0, 0, 0, 0,  -10,    0
0, 0, 0, 0,  -10,    0
0, 0, 0, 0,  -10,    0
0, 0, 0, 0,  -10,    0
0, 0, 0, 0,  -10,    0
0, 0, 0, 0,  -10,    0
0, 0, 0, 0,  -10,    0
0, 0, 0, 0,  -10,    0
0, 0, 0, 0,  -10,    0
0, 0, 0, 0,  -10,    0
0, 0, 0, 0,  -10,    0
0, 0, 0, 0,  -10,    0
0, 0, 0, 0,  -10,    0
0, 0, 0, 0,  -10,    0
0, 0, 0, 0,  -10,    0
0, 0, 0, 0,  -10,    0
0, 0, 0, 0,  -10,    0
0, 0, 0, 0,  -10,    0
0, 0, 0, 0,  -10,    0
0, 0, 0, 0,  -10,    0
0, 0, 0, 0,  -10,    0
0, 0, 0, 0,  -10,    0
0, 0, 0, 0,  -10,    0
0, 0, 0, 0,  -10,    0
0, 0, 0, 0,  -10,    0
0, 0, 0, 0,  -10,    0
0, 0, 0, 0,  -10,    0
0, 0, 0, 0,  -10,    0
0, 0, 0, 0,  -10,    0
0, 0, 0, 0,  -10,    0
0, 0, 0, 0,  -10,    0
0, 0, 0, 0,  -10,    0
0, 0, 0, 0,  -10,    0
0, 0, 0, 0,  -10,    0
0, 0, 0, 0,  -10,    0
0, 0, 0, 0,  -10,    0
0, 0, 0, 0,  -10,    0
0, 0, 0, 0,  -10,    0
0, 0, 0, 0,  -10,    0
0, 0, 0, 0,  -10,    0
0, 0, 0, 0,  -10,    0
0, 0, 0, 0,  -10,    0
0, 0, 0, 0,  -10,    0
0, 0, 0, 0,  -10,    0
0, 0, 0, 0,  -10,    0
0, 0, 0, 0,  -10,    0
0, 0, 0, 0,  -10,    0
0, 0, 0, 0,  -10,    0
0, 0, 0, 0,  -10,    0
0, 0, 0, 0,  -10,    0
0, 0, 0, 0,  -10,    0
0, 0, 0, 0,  -10,    0
0, 0, 0, 0,  -10,    0
0, 0, 0, 0,  -10,    0
0, 0, 0, 0,  -10,    0
0, 0, 0, 0,  -10,    0
0, 0, 0, 0,  -10,    0
0, 0, 0, 0,  -10,    0
0, 0, 0, 0,  -10,    0
0, 0, 0, 0,  -10,    0
0, 0, 0, 0,  -10,    0
0, 0, 0, 0,  -10,    0
0, 0, 0, 0,  -10,    0
0, 0, 0, 0,  -10,    0
0, 0, 0, 0,  -10,    0
0, 0, 0, 0,  -10,    0
0, 0, 0, 0,  -10,    0
0, 0, 0, 0,  -10,    0
0, 0, 0, 0,  -10,    0
0, 0, 0, 0,  -10,    0
0, 0, 0, 0,  -10,    0
0, 0, 0, 0,  -10,    0
0, 0, 0, 0,  -10,    0
0, 0, 0, 0,  -10,    0
0, 0, 0, 0,  -10,    0
0, 0, 0, 0,  -10,    0
0, 0, 0, 0,  -10,    0
0, 0, 0, 0,  -10,    0
0, 0, 0, 0,  -10,    0
0, 0, 0, 0,  -10,    0
0, 0, 0, 0,  -10,    0
0, 0, 0, 0,  -10,    0
0, 0, 0, 0,  -10,    0
0, 0, 0, 0,  -10,    0
0, 0, 0, 0,  -10,    0
0, 0, 0, 0,  -10,    0
0, 0, 0, 0,  -10,    0
0, 0, 0, 0,  -10,    0
0, 0, 0, 0,  -10,    0
0, 0, 0, 0,  -10,    0
0, 0, 0, 0,  -10,    0
0, 0, 0, 0,  -10,    0
0, 0, 0, 0,  -10,    0
0, 0, 0, 0,  -10,    0
0, 0, 0, 0,  -10,    0
0, 0, 0, 0,  -10,    0
0, 0, 0, 0,  -10,    0
0, 0, 0, 0,  -10,    0
0, 0, 0, 0,  -10,    0
0, 0, 0, 0,  -10,    0
0, 0, 0, 0,  -10,    0
0, 0, 0, 0,  -10,    0
0, 0, 0, 0,  -10,    0
0, 0, 0, 0,  -10,    0
0, 0, 0, 0,  -10,    0
0, 0, 0, 0,  -10,    0
0, 0, 0, 0,  -10,    0
0, 0, 0, 0,  -10,    0
0, 0, 0, 0,  -10,    0
0, 0, 0, 0,  -10,    0
0, 0, 0, 0,  -10,    0
0, 0, 0, 0,  -10,    0
0, 0, 0, 0,  -10,    0
0, 0, 0, 0,  -10,    0
0, 0, 0, 0,  -10,    0
0, 0, 0, 0,  -10,    0
0, 0, 0, 0,  -10,    0
0, 0, 0, 0,  -10,    0
0, 0, 0, 0,  -10,    0
0, 0, 0, 0,  -10,    0
0, 0, 0, 0,  -10,    0
0, 0, 0, 0,  -10,    0
0, 0, 0, 0,  -10,    0
0, 0, 0, 0,  -10,    0
0, 0, 0, 0,  -10,    0
0, 0, 0, 0,  -10,    0
0, 0, 0, 0,  -10,    0
0, 0, 0, 0,  -10,    0
0, 0, 0, 0,  -10,    0
0, 0, 0, 0,  -10,    0
0, 0, 0, 0,  -10,    0
0, 0, 0, 0,  -10,    0
0, 0, 0, 0,  -10,    0
0, 0, 0, 0,  -10,    0
0, 0, 0, 0,  -10,    0
0, 0, 0, 0,  -10,    0
0, 0, 0, 0,  -10,    0
0, 0, 0, 0,  -10,    0
0, 0, 0, 0,  -10,    0
0, 0, 0, 0,  -10,    0
0, 0, 0, 0,  -10,    0
0, 0, 0, 0,  -10,    0
0, 0, 0, 0,  -10,    0
0, 0, 0, 0,  -10,    0
0, 0, 0, 0,  -10,    0
0, 0, 0, 0,  -10,    0
0, 0, 0, 0,  -10,    0
0, 0, 0, 0,  -10,    0
0, 0, 0, 0,  -10,    0
0, 0, 0, 0,  -10,    0
0, 0, 0, 0,  -10,    0
0, 0, 0, 0,  -10,    0
0, 0, 0, 0,  -10,    0
0, 0, 0, 0,  -10,    0
0, 0, 0, 0,  -10,    0
0, 0, 0, 0,  -10,    0
0, 0, 0, 0,  -10,    0
0, 0, 0, 0,  -10,    0
0, 0, 0, 0,  -10,    0
0, 0, 0, 0,  -10,    0
0, 0, 0, 0,  -10,    0
0, 0, 0, 0,  -10,    0
0, 0, 0, 0,  -10,    0
0, 0, 0, 0,  -10,    0
0, 0, 0, 0,  -10,    0
0, 0, 0, 0,  -10,    0
0, 0, 0, 0,  -10,    0
0, 0, 0, 0,  -10,    0
0, 0, 0, 0,  -10,    0
0, 0, 0, 0,  -10,    0
0, 0, 0, 0,  -10,    0
0, 0, 0, 0,  -10,    0
0, 0, 0, 0,  -10,    0
0, 0, 0, 0,  -10,    0
0, 0, 0, 0,  -10,    0
0, 0, 0, 0,  -10,    0
0, 0, 0, 0,  -10,    0
0, 0, 0, 0,  -10,    0
0, 0, 0, 0,  -10,    0
0, 0, 0, 0,  -10,    0
0, 0, 0, 0,  -10,    0
0, 0, 0, 0,  -10,    0
0, 0, 0, 0,  -10,    0
0, 0, 0, 0,  -10,    0
0, 0, 0, 0,  -10,    0
0, 0, 0, 0,  -10,    0
0, 0, 0, 0,  -10,    0
0, 0, 0, 0,  -10,    0
0, 0, 0, 0,  -10,    0
0, 0, 0, 0,  -10,    0
0, 0, 0, 0,  -10,    0
0, 0, 0, 0,  -10,    0
0, 0, 0, 0,  -10,    0
0, 0, 0, 0,  -10,    0
0, 0, 0, 0,  -10,    0
0, 0, 0, 0,  -10,    0
0, 0, 0, 0,  -10,    0
0, 0, 0, 0,  -10,    0
0, 0, 0, 0,  -10,    0
0, 0, 0, 0,  -10,    0
0, 0, 0, 0,  -10,    0
0, 0, 0, 0,  -10,    0
0, 0, 0, 0,  -10,    0
0, 0, 0, 0,  -10,    0
0, 0, 0, 0,  -10,    0
0, 0, 0, 0,  -10,    0
0, 0, 0, 0,  -10,    0
0, 0, 0, 0,  -10,    0
0, 0, 0, 0,  -10,    0
0, 0, 0, 0,  -10,    0
0, 0, 0, 0,  -10,    0
0, 0, 0, 0,  -10,    0
0, 0, 0, 0,  -10,    0
0, 0, 0, 0,  -10,    0
0, 0, 0, 0,  -10,    0
0, 0, 0, 0,  -10,    0
0, 0, 0, 0,  -10,    0
0, 0, 0, 0,  -10,    0
0, 0, 0, 0,  -10,    0
0, 0, 0, 0,  -10,    0
0, 0, 0, 0,  -10,    0
0, 0, 0, 0,  -10,    0
0, 0, 0, 0,  -10,    0
0, 0, 0, 0,  -10,    0
0, 0, 0, 0,  -10,    0
0, 0, 0, 0,  -10,    0
0, 0, 0, 0,  -10,    0
0, 0, 0, 0,  -10,    0
0, 0, 0, 0,  -10,    0
0, 0, 0, 0,  -10,    0
0, 0, 0, 0,  -10,    0
0, 0, 0, 0,  -10,    0
0, 0, 0, 0,  -10,    0
0, 0, 0, 0,  -10,    0
0, 0, 0, 0,  -10,    0
0, 0, 0, 0,  -10,    0
0, 0, 0, 0,  -10,    0
0, 0, 0, 0,  -10,    0
0, 0, 0, 0,  -10,    0
0, 0, 0, 0,  -10,    0
0, 0, 0, 0,  -10,    0
0, 0, 0, 0,  -10,    0
0, 0, 0, 0,  -10,    0
0, 0, 0, 0,  -10,    0
0, 0, 0, 0,  -10,    0
0, 0, 0, 0,  -10,    0
0, 0, 0, 0,  -10,    0
0, 0, 0, 0,  -10,    0
0, 0, 0, 0,  -10,    0
0, 0, 0, 0,  -10,    0
0, 0, 0, 0,  -10,    0
0, 0, 0, 0,  -10,    0
0, 0, 0, 0,  -10,    0
0, 0, 0, 0,  -10,    0
0, 0, 0, 0,  -10,    0
0, 0, 0, 0,  -10,    0
0, 0, 0, 0,  -10,    0
0, 0, 0, 0,  -10,    0
0, 0, 0, 0,  -10,    0
0, 0, 0, 0,  -10,    0
0, 0, 0, 0,  -10,    0
0, 0, 0, 0,  -10,    0
0, 0, 0, 0,  -10,    0
0, 0, 0, 0,  -10,    0
0, 0, 0, 0,  -10,    0
0, 0, 0, 0,  -10,    0
0, 0, 0, 0,  -10,    0
0, 0, 0, 0,  -10,    0
0, 0, 0, 0,  -10,    0
0, 0, 0, 0,  -10,    0
0, 0, 0, 0,  -10,    0
0, 0, 0, 0,  -10,    0
0, 0, 0, 0,  -10,    0
0, 0, 0, 0,  -10,    0
0, 0, 0, 0,  -10,    0
0, 0, 0, 0,  -10,    0
0, 0, 0, 0,  -10,    0
0, 0, 0, 0,  -10,    0
0, 0, 0, 0,  -10,    0
0, 0, 0, 0,  -10,    0
0, 0, 0, 0,  -10,    0
0, 0, 0, 0,  -10,    0
0, 0, 0, 0,  -10,    0
0, 0, 0, 0,  -10,    0
0, 0, 0, 0,  -10,    0
0, 0, 0, 0,  -10,    0
0, 0, 0, 0,  -10,    0
0, 0, 0, 0,  -10,    0
0, 0, 0, 0,  -10,    0
0, 0, 0, 0,  -10,    0
0, 0, 0, 0,  -10,    0
0, 0, 0, 0,  -10,    0
0, 0, 0, 0,  -10,    0
0, 0, 0, 0,  -10,    0
0, 0, 0, 0,  -10,    0
0, 0, 0, 0,  -10,    0
0, 0, 0, 0,  -10,    0
0, 0, 0, 0,  -10,    0
0, 0, 0, 0,  -10,    0
0, 0, 0, 0,  -10,    0
0, 0, 0, 0,  -10,    0
0, 0, 0, 0,  -10,    0
0, 0, 0, 0,  -10,    0
0, 0, 0, 0,  -10,    0
0, 0, 0, 0,  -10,    0
0, 0, 0, 0,  -10,    0
0, 0, 0, 0,  -10,    0
0, 0, 0, 0,  -10,    0
0, 0, 0, 0,  -10,    0
0, 0, 0, 0,  -10,    0
0, 0, 0, 0,  -10,    0
0, 0, 0, 0,  -10,    0
0, 0, 0, 0,  -10,    0
0, 0, 0, 0,  -10,    0
0, 0, 0, 0,  -10,    0
0, 0, 0, 0,  -10,    0
0, 0, 0, 0,  -10,    0
0, 0, 0, 0,  -10,    0
0, 0, 0, 0,  -10,    0
0, 0, 0, 0,  -10,    0
0, 0, 0, 0,  -10,    0
0, 0, 0, 0,  -10,    0
0, 0, 0, 0,  -10,    0
0, 0, 0, 0,  -10,    0
0, 0, 0, 0,  -10,    0
0, 0, 0, 0,  -10,    0
0, 0, 0, 0,  -10,    0
0, 0, 0, 0,  -10,    0
0, 0, 0, 0,  -10,    0
0, 0, 0, 0,  -10,    0
0, 0, 0, 0,  -10,    0
0, 0, 0, 0,  -10,    0
0, 0, 0, 0,  -10,    0
0, 0, 0, 0,  -10,    0
0, 0, 0, 0,  -10,    0
0, 0, 0, 0,  -10,    0
0, 0, 0, 0,  -10,    0
0, 0, 0, 0,  -10,    0
0, 0, 0, 0,  -10,    0
0, 0, 0, 0,  -10,    0
0, 0, 0, 0,  -10,    0
0, 0, 0, 0,  -10,    0
0, 0, 0, 0,  -10,    0
0, 0, 0, 0,  -10,    0
0, 0, 0, 0,  -10,    0
0, 0, 0, 0,  -10,    0
0, 0, 0, 0,  -10,    0
0, 0, 0, 0,  -10,    0
0, 0, 0, 0,  -10,    0
0, 0, 0, 0,  -10,    0
0, 0, 0, 0,  -10,    0
0, 0, 0, 0,  -10,    0
0, 0, 0, 0,  -10,    0
0, 0, 0, 0,  -10,    0
0, 0, 0, 0,  -10,    0
0, 0, 0, 0,  -10,    0
0, 0, 0, 0,  -10,    0
0, 0, 0, 0,  -10,    0
0, 0, 0, 0,  -10,    0
0, 0, 0, 0,  -10,    0
0, 0, 0, 0,  -10,    0
0, 0, 0, 0,  -10,    0
0, 0, 0, 0,  -10,    0
0, 0, 0, 0,  -10,    0
0, 0, 0, 0,  -10,    0
0, 0, 0, 0,  -10,    0
0, 0, 0, 0,  -10,    0
0, 0, 0, 0,  -10,    0
0, 0, 0, 0,  -10,    0
0, 0, 0, 0,  -10,    0
0, 0, 0, 0,  -10,    0
0, 0, 0, 0,  -10,    0
0, 0, 0, 0,  -10,    0
0, 0, 0, 0,  -10,    0
0, 0, 0, 0,  -10,    0
0, 0, 0, 0,  -10,    0
0, 0, 0, 0,  -10,    0
0, 0, 0, 0,  -10,    0
0, 0, 0, 0,  -10,    0
0, 0, 0, 0,  -10,    0
0, 0, 0, 0,  -10,    0
0, 0, 0, 0,  -10,    0
0, 0, 0, 0,  -10,    0
0, 0, 0, 0,  -10,    0
0, 0, 0, 0,  -10,    0
0, 0, 0, 0,  -10,    0
0, 0, 0, 0,  -10,    0
0, 0, 0, 0,  -10,    0
0, 0, 0, 0,  -10,    0
0, 0, 0, 0,  -10,    0
0, 0, 0, 0,  -10,    0
0, 0, 0, 0,  -10,    0
0, 0, 0, 0,  -10,    0
0, 0, 0, 0,  -10,    0
0, 0, 0, 0,  -10,    0
0, 0, 0, 0,  -10,    0
0, 0, 0, 0,  -10,    0
0, 0, 0, 0,  -10,    0
0, 0, 0, 0,  -10,    0
0, 0, 0, 0,  -10,    0
0, 0, 0, 0,  -10,    0
0, 0, 0, 0,  -10,    0
0, 0, 0, 0,  -10,    0
0, 0, 0, 0,  -10,    0
0, 0, 0, 0,  -10,    0
0, 0, 0, 0,  -10,    0
0, 0, 0, 0,  -10,    0
0, 0, 0, 0,  -10,    0
0, 0, 0, 0,  -10,    0
0, 0, 0, 0,  -10,    0
0, 0, 0, 0,  -10,    0
0, 0, 0, 0,  -10,    0
0, 0, 0, 0,  -10,    0
0, 0, 0, 0,  -10,    0
0, 0, 0, 0,  -10,    0
0, 0, 0, 0,  -10,    0
0, 0, 0, 0,  -10,    0
0, 0, 0, 0,  -10,    0
0, 0, 0, 0,  -10,    0
0, 0, 0, 0,  -10,    0
0, 0, 0, 0,  -10,    0
0, 0, 0, 0,  -10,    0
0, 0, 0, 0,  -10,    0
0, 0, 0, 0,  -10,    0
0, 0, 0, 0,  -10,    0
0, 0, 0, 0,  -10,    0
0, 0, 0, 0,  -10,    0
0, 0, 0, 0,  -10,    0
0, 0, 0, 0,  -10,    0
0, 0, 0, 0,  -10,    0
0, 0, 0, 0,  -10,    0
0, 0, 0, 0,  -10,    0
0, 0, 0, 0,  -10,    0
0, 0, 0, 0,  -10,    0
0, 0, 0, 0,  -10,    0
0, 0, 0, 0,  -10,    0
0, 0, 0, 0,  -10,    0
0, 0, 0, 0,  -10,    0
0, 0, 0, 0,  -10,    0
0, 0, 0, 0,  -10,    0
0, 0, 0, 0,  -10,    0
0, 0, 0, 0,  -10,    0
0, 0, 0, 0,  -10,    0
0, 0, 0, 0,  -10,    0
0, 0, 0, 0,  -10,    0
0, 0, 0, 0,  -10,    0
0, 0, 0, 0,  -10,    0
0, 0, 0, 0,  -10,    0
0, 0, 0, 0,  -10,    0
0, 0, 0, 0,  -10,    0
0, 0, 0, 0,  -10,    0
0, 0, 0, 0,  -10,    0
0, 0, 0, 0,  -10,    0
0, 0, 0, 0,  -10,    0
0, 0, 0, 0,  -10,    0
0, 0, 0, 0,  -10,    0
0, 0, 0, 0,  -10,    0
0, 0, 0, 0,  -10,    0
0, 0, 0, 0,  -10,    0
0, 0, 0, 0,  -10,    0
0, 0, 0, 0,  -10,    0
0, 0, 0, 0,  -10,    0
0, 0, 0, 0,  -10,    0
0, 0, 0, 0,  -10,    0
0, 0, 0, 0,  -10,    0
0, 0, 0, 0,  -10,    0
0, 0, 0, 0,  -10,    0
0, 0, 0, 0,  -10,    0
0, 0, 0, 0,  -10,    0
0, 0, 0, 0,  -10,    0
0, 0, 0, 0,  -10,    0
0, 0, 0, 0,  -10,    0
0, 0, 0, 0,  -10,    0
0, 0, 0, 0,  -10,    0
0, 0, 0, 0,  -10,    0
0, 0, 0, 0,  -10,    0
0, 0, 0, 0,  -10,    0
0, 0, 0, 0,  -10,    0
0, 0, 0, 0,  -10,    0
0, 0, 0, 0,  -10,    0
0, 0, 0, 0,  -10,    0
0, 0, 0, 0,  -10,    0
0, 0, 0, 0,  -10,    0
0, 0, 0, 0,  -10,    0
0, 0, 0, 0,  -10,    0
0, 0, 0, 0,  -10,    0
0, 0, 0, 0,  -10,    0
0, 0, 0, 0,  -10,    0
0, 0, 0, 0,  -10,    0
0, 0, 0, 0,  -10,    0
0, 0, 0, 0,  -10,    0
0, 0, 0, 0,  -10,    0
0, 0, 0, 0,  -10,    0
0, 0, 0, 0,  -10,    0
0, 0, 0, 0,  -10,    0
0, 0, 0, 0,  -10,    0
0, 0, 0, 0,  -10,    0
0, 0, 0, 0,  -10,    0
0, 0, 0, 0,  -10,    0
0, 0, 0, 0,  -10,    0
0, 0, 0, 0,  -10,    0
0, 0, 0, 0,  -10,    0
0, 0, 0, 0,  -10,    0
0, 0, 0, 0,  -10,    0
0, 0, 0, 0,  -10,    0
0, 0, 0, 0,  -10,    0
0, 0, 0, 0,  -10,    0
0, 0, 0, 0,  -10,    0
0, 0, 0, 0,  -10,    0
0, 0, 0, 0,  -10,    0
0, 0, 0, 0,  -10,    0
0, 0, 0, 0,  -10,    0
0, 0, 0, 0,  -10,    0
0, 0, 0, 0,  -10,    0
0, 0, 0, 0,  -10,    0
0, 0, 0, 0,  -10,    0
0, 0, 0, 0,  -10,    0
0, 0, 0, 0,  -10,    0
0, 0, 0, 0,  -10,    0
0, 0, 0, 0,  -10,    0
0, 0, 0, 0,  -10,    0
0, 0, 0, 0,  -10,    0
0, 0, 0, 0,  -10,    0
0, 0, 0, 0,  -10,    0
0, 0, 0, 0,  -10,    0
0, 0, 0, 0,  -10,    0
0, 0, 0, 0,  -10,    0
0, 0, 0, 0,  -10,    0
0, 0, 0, 0,  -10,    0
0, 0, 0, 0,  -10,    0
0, 0, 0, 0,  -10,    0
0, 0, 0, 0,  -10,    0
0, 0, 0, 0,  -10,    0
0, 0, 0, 0,  -10,    0
0, 0, 0, 0,  -10,    0
0, 0, 0, 0,  -10,    0
0, 0, 0, 0,  -10,    0
0, 0, 0, 0,  -10,    0
0, 0, 0, 0,  -10,    0
0, 0, 0, 0,  -10,    0
0, 0, 0, 0,  -10,    0
0, 0, 0, 0,  -10,    0
0, 0, 0, 0,  -10,    0
0, 0, 0, 0,  -10,    0
0, 0, 0, 0,  -10,    0
0, 0, 0, 0,  -10,    0
0, 0, 0, 0,  -10,    0
0, 0, 0, 0,  -10,    0
0, 0, 0, 0,  -10,    0
0, 0, 0, 0,  -10,    0
0, 0, 0, 0,  -10,    0
0, 0, 0, 0,  -10,    0
0, 0, 0, 0,  -10,    0
0, 0, 0, 0,  -10,    0
0, 0, 0, 0,  -10,    0
0, 0, 0, 0,  -10,    0
0, 0, 0, 0,  -10,    0
0, 0, 0, 0,  -10,    0
0, 0, 0, 0,  -10,    0
0, 0, 0, 0,  -10,    0
0, 0, 0, 0,  -10,    0
0, 0, 0, 0,  -10,    0
0, 0, 0, 0,  -10,    0
0, 0, 0, 0,  -10,    0
0, 0, 0, 0,  -10,    0
0, 0, 0, 0,  -10,    0
0, 0, 0, 0,  -10,    0
0, 0, 0, 0,  -10,    0
0, 0, 0, 0,  -10,    0
0, 0, 0, 0,  -10,    0
0, 0, 0, 0,  -10,    0
0, 0, 0, 0,  -10,    0
0, 0, 0, 0,  -10,    0
0, 0, 0, 0,  -10,    0
0, 0, 0, 0,  -10,    0
0, 0, 0, 0,  -10,    0
0, 0, 0, 0,  -10,    0
0, 0, 0, 0,  -10,    0
0, 0, 0, 0,  -10,    0
0, 0, 0, 0,  -10,    0
0, 0, 0, 0,  -10,    0
0, 0, 0, 0,  -10,    0
0, 0, 0, 0,  -10,    0
0, 0, 0, 0,  -10,    0
0, 0, 0, 0,  -10,    0
0, 0, 0, 0,  -10,    0
0, 0, 0, 0,  -10,    0
0, 0, 0, 0,  -10,    0
0, 0, 0, 0,  -10,    0
0, 0, 0, 0,  -10,    0
0, 0, 0, 0,  -10,    0
0, 0, 0, 0,  -10,    0
0, 0, 0, 0,  -10,    0
0, 0, 0, 0,  -10,    0
0, 0, 0, 0,  -10,    0
0, 0, 0, 0,  -10,    0
0, 0, 0, 0,  -10,    0
0, 0, 0, 0,  -10,    0
0, 0, 0, 0,  -10,    0
0, 0, 0, 0,  -10,    0
0, 0, 0, 0,  -10,    0
0, 0, 0, 0,  -10,    0
0, 0, 0, 0,  -10,    0
0, 0, 0, 0,  -10,    0
0, 0, 0, 0,  -10,    0
0, 0, 0, 0,  -10,    0
0, 0, 0, 0,  -10,    0
0, 0, 0, 0,  -10,    0
0, 0, 0, 0,  -10,    0
0, 0, 0, 0,  -10,    0
0, 0, 0, 0,  -10,    0
0, 0, 0, 0,  -10,    0
0, 0, 0, 0,  -10,    0
0, 0, 0, 0,  -10,    0
0, 0, 0, 0,  -10,    0
0, 0, 0, 0,  -10,    0
0, 0, 0, 0,  -10,    0
0, 0, 0, 0,  -10,    0
0, 0, 0, 0,  -10,    0
0, 0, 0, 0,  -10,    0
0, 0, 0, 0,  -10,    0
0, 0, 0, 0,  -10,    0
0, 0, 0, 0,  -10,    0
0, 0, 0, 0,  -10,    0
0, 0, 0, 0,  -10,    0
0, 0, 0, 0,  -10,    0
0, 0, 0, 0,  -10,    0
0, 0, 0, 0,  -10,    0
0, 0, 0, 0,  -10,    0
0, 0, 0, 0,  -10,    0
0, 0, 0, 0,  -10,    0
0, 0, 0, 0,  -10,    0
0, 0, 0, 0,  -10,    0
0, 0, 0, 0,  -10,    0
0, 0, 0, 0,  -10,    0
0, 0, 0, 0,  -10,    0
0, 0, 0, 0,  -10,    0
0, 0, 0, 0,  -10,    0
0, 0, 0, 0,  -10,    0
0, 0, 0, 0,  -10,    0
0, 0, 0, 0,  -10,    0
0, 0, 0, 0,  -10,    0
0, 0, 0, 0,  -10,    0
0, 0, 0, 0,  -10,    0
0, 0, 0, 0,  -10,    0
0, 0, 0, 0,  -10,    0
0, 0, 0, 0,  -10,    0
0, 0, 0, 0,  -10,    0
0, 0, 0, 0,  -10,    0
0, 0, 0, 0,  -10,    0
0, 0, 0, 0,  -10,    0
0, 0, 0, 0,  -10,    0
0, 0, 0, 0,  -10,    0
0, 0, 0, 0,  -10,    0
0, 0, 0, 0,  -10,    0
0, 0, 0, 0,  -10,    0
0, 0, 0, 0,  -10,    0
0, 0, 0, 0,  -10,    0
0, 0, 0, 0,  -10,    0
0, 0, 0, 0,  -10,    0
0, 0, 0, 0,  -10,    0
0, 0, 0, 0,  -10,    0
0, 0, 0, 0,  -10,    0
0, 0, 0, 0,  -10,    0
0, 0, 0, 0,  -10,    0
0, 0, 0, 0,  -10,    0
0, 0, 0, 0,  -10,    0
0, 0, 0, 0,  -10,    0
0, 0, 0, 0,  -10,    0
0, 0, 0, 0,  -10,    0
0, 0, 0, 0,  -10,    0
0, 0, 0, 0,  -10,    0
0, 0, 0, 0,  -10,    0
0, 0, 0, 0,  -10,    0
0, 0, 0, 0,  -10,    0
0, 0, 0, 0,  -10,    0
0, 0, 0, 0,  -10,    0
0, 0, 0, 0,  -10,    0
0, 0, 0, 0,  -10,    0
0, 0, 0, 0,  -10,    0
0, 0, 0, 0,  -10,    0
0, 0, 0, 0,  -10,    0
0, 0, 0, 0,  -10,    0
0, 0, 0, 0,  -10,    0
0, 0, 0, 0,  -10,    0
0, 0, 0, 0,  -10,    0
0, 0, 0, 0,  -10,    0
0, 0, 0, 0,  -10,    0
0, 0, 0, 0,  -10,    0
0, 0, 0, 0,  -10,    0
0, 0, 0, 0,  -10,    0
0, 0, 0, 0,  -10,    0
0, 0, 0, 0,  -10,    0
0, 0, 0, 0,  -10,    0
0, 0, 0, 0,  -10,    0
0, 0, 0, 0,  -10,    0
0, 0, 0, 0,  -10,    0
0, 0, 0, 0,  -10,    0
0, 0, 0, 0,  -10,    0
0, 0, 0, 0,  -10,    0
0, 0, 0, 0,  -10,    0
0, 0, 0, 0,  -10,    0
0, 0, 0, 0,  -10,    0
0, 0, 0, 0,  -10,    0
0, 0, 0, 0,  -10,    0
0, 0, 0, 0,  -10,    0
0, 0, 0, 0,  -10,    0
0, 0, 0, 0,  -10,    0
0, 0, 0, 0,  -10,    0
0, 0, 0, 0,  -10,    0
0, 0, 0, 0,  -10,    0
0, 0, 0, 0,  -10,    0
0, 0, 0, 0,  -10,    0
0, 0, 0, 0,  -10,    0
0, 0, 0, 0,  -10,    0
0, 0, 0, 0,  -10,    0
0, 0, 0, 0,  -10,    0
0, 0, 0, 0,  -10,    0
0, 0, 0, 0,  -10,    0
0, 0, 0, 0,  -10,    0
0, 0, 0, 0,  -10,    0
0, 0, 0, 0,  -10,    0
0, 0, 0, 0,  -10,    0
0, 0, 0, 0,  -10,    0
0, 0, 0, 0,  -10,    0
0, 0, 0, 0,  -10,    0
0, 0, 0, 0,  -10,    0
0, 0, 0, 0,  -10,    0
0, 0, 0, 0,  -10,    0
0, 0, 0, 0,  -10,    0
0, 0, 0, 0,  -10,    0
0, 0, 0, 0,  -10,    0
0, 0, 0, 0,  -10,    0
0, 0, 0, 0,  -10,    0
0, 0, 0, 0,  -10,    0
0, 0, 0, 0,  -10,    0
0, 0, 0, 0,  -10,    0
0, 0, 0, 0,  -10,    0
0, 0, 0, 0,  -10,    0
0, 0, 0, 0,  -10,    0
0, 0, 0, 0,  -10,    0
0, 0, 0, 0,  -10,    0
0, 0, 0, 0,  -10,    0
0, 0, 0, 0,  -10,    0
0, 0, 0, 0,  -10,    0
0, 0, 0, 0,  -10,    0
0, 0, 0, 0,  -10,    0
0, 0, 0, 0,  -10,    0
0, 0, 0, 0,  -10,    0
0, 0, 0, 0,  -10,    0
0, 0, 0, 0,  -10,    0
0, 0, 0, 0,  -10,    0
0, 0, 0, 0,  -10,    0
0, 0, 0, 0,  -10,    0
0, 0, 0, 0,  -10,    0
0, 0, 0, 0,  -10,    0
0, 0, 0, 0,  -10,    0
0, 0, 0, 0,  -10,    0
0, 0, 0, 0,  -10,    0
0, 0, 0, 0,  -10,    0
0, 0, 0, 0,  -10,    0
0, 0, 0, 0,  -10,    0
0, 0, 0, 0,  -10,    0
0, 0, 0, 0,  -10,    0
0, 0, 0, 0,  -10,    0
0, 0, 0, 0,  -10,    0
0, 0, 0, 0,  -10,    0
0, 0, 0, 0,  -10,    0
0, 0, 0, 0,  -10,    0
0, 0, 0, 0,  -10,    0
0, 0, 0, 0,  -10,    0
0, 0, 0, 0,  -10,    0
0, 0, 0, 0,  -10,    0
0, 0, 0, 0,  -10,    0
0, 0, 0, 0,  -10,    0
0, 0, 0, 0,  -10,    0
0, 0, 0, 0,  -10,    0
0, 0, 0, 0,  -10,    0
0, 0, 0, 0,  -10,    0
0, 0, 0, 0,  -10,    0
0, 0, 0, 0,  -10,    0
0, 0, 0, 0,  -10,    0
0, 0, 0, 0,  -10,    0
0, 0, 0, 0,  -10,    0
0, 0, 0, 0,  -10,    0
0, 0, 0, 0,  -10,    0
0, 0, 0, 0,  -10,    0
0, 0, 0, 0,  -10,    0
0, 0, 0, 0,  -10,    0
0, 0, 0, 0,  -10,    0
0, 0, 0, 0,  -10,    0
0, 0, 0, 0,  -10,    0
0, 0, 0, 0,  -10,    0
0, 0, 0, 0,  -10,    0
0, 0, 0, 0,  -10,    0
0, 0, 0, 0,  -10,    0
0, 0, 0, 0,  -10,    0
0, 0, 0, 0,  -10,    0
0, 0, 0, 0,  -10,    0
0, 0, 0, 0,  -10,    0
0, 0, 0, 0,  -10,    0
0, 0, 0, 0,  -10,    0
0, 0, 0, 0,  -10,    0
0, 0, 0, 0,  -10,    0
0, 0, 0, 0,  -10,    0
0, 0, 0, 0,  -10,    0
0, 0, 0, 0,  -10,    0
0, 0, 0, 0,  -10,    0
0, 0, 0, 0,  -10,    0
0, 0, 0, 0,  -10,    0
0, 0, 0, 0,  -10,    0
0, 0, 0, 0,  -10,    0
0, 0, 0, 0,  -10,    0
0, 0, 0, 0,  -10,    0
0, 0, 0, 0,  -10,    0
0, 0, 0, 0,  -10,    0
0, 0, 0, 0,  -10,    0
0, 0, 0, 0,  -10,    0
0, 0, 0, 0,  -10,    0
0, 0, 0, 0,  -10,    0
0, 0, 0, 0,  -10,    0
0, 0, 0, 0,  -10,    0
0, 0, 0, 0,  -10,    0
0, 0, 0, 0,  -10,    0
0, 0, 0, 0,  -10,    0
0, 0, 0, 0,  -10,    0
0, 0, 0, 0,  -10,    0
0, 0, 0, 0,  -10,    0
0, 0, 0, 0,  -10,    0
0, 0, 0, 0,  -10,    0
0, 0, 0, 0,  -10,    0
0, 0, 0, 0,  -10,    0
0, 0, 0, 0,  -10,    0
0, 0, 0, 0,  -10,    0
0, 0, 0, 0,  -10,    0
0, 0, 0, 0,  -10,    0
0, 0, 0, 0,  -10,    0
0, 0, 0, 0,  -10,    0
0, 0, 0, 0,  -10,    0
0, 0, 0, 0,  -10,    0
0, 0, 0, 0,  -10,    0
0, 0, 0, 0,  -10,    0
0, 0, 0, 0,  -10,    0
0, 0, 0, 0,  -10,    0
0, 0, 0, 0,  -10,    0
0, 0, 0, 0,  -10,    0
0, 0, 0, 0,  -10,    0
0, 0, 0, 0,  -10,    0
0, 0, 0, 0,  -10,    0
0, 0, 0, 0,  -10,    0
0, 0, 0, 0,  -10,    0
0, 0, 0, 0,  -10,    0
0, 0, 0, 0,  -10,    0
0, 0, 0, 0,  -10,    0
0, 0, 0, 0,  -10,    0
0, 0, 0, 0,  -10,    0
0, 0, 0, 0,  -10,    0
0, 0, 0, 0,  -10,    0
0, 0, 0, 0,  -10,    0
0, 0, 0, 0,  -10,    0
0, 0, 0, 0,  -10,    0
0, 0, 0, 0,  -10,    0
0, 0, 0, 0,  -10,    0
0, 0, 0, 0,  -10,    0
0, 0, 0, 0,  -10,    0
0, 0, 0, 0,  -10,    0
0, 0, 0, 0,  -10,    0
0, 0, 0, 0,  -10,    0
0, 0, 0, 0,  -10,    0
0, 0, 0, 0,  -10,    0
0, 0, 0, 0,  -10,    0
0, 0, 0, 0,  -10,    0
0, 0, 0, 0,  -10,    0
0, 0, 0, 0,  -10,    0
0, 0, 0, 0,  -10,    0
0, 0, 0, 0,  -10,    0
0, 0, 0, 0,  -10,    0
0, 0, 0, 0,  -10,    0
0, 0, 0, 0,  -10,    0
0, 0, 0, 0,  -10,    0
0, 0, 0, 0,  -10,    0
0, 0, 0, 0,  -10,    0
0, 0, 0, 0,  -10,    0
0, 0, 0, 0,  -10,    0
0, 0, 0, 0,  -10,    0
0, 0, 0, 0,  -10,    0
0, 0, 0, 0,  -10,    0
0, 0, 0, 0,  -10,    0
0, 0, 0, 0,  -10,    0
0, 0, 0, 0,  -10,    0
0, 0, 0, 0,  -10,    0
0, 0, 0, 0,  -10,    0
0, 0, 0, 0,  -10,    0
0, 0, 0, 0,  -10,    0
0, 0, 0, 0,  -10,    0
0, 0, 0, 0,  -10,    0
0, 0, 0, 0,  -10,    0
0, 0, 0, 0,  -10,    0
0, 0, 0, 0,  -10,    0
0, 0, 0, 0,  -10,    0
0, 0, 0, 0,  -10,    0
0, 0, 0, 0,  -10,    0
0, 0, 0, 0,  -10,    0
0, 0, 0, 0,  -10,    0
0, 0, 0, 0,  -10,    0
0, 0, 0, 0,  -10,    0
0, 0, 0, 0,  -10,    0
0, 0, 0, 0,  -10,    0
0, 0, 0, 0,  -10,    0
0, 0, 0, 0,  -10,    0
0, 0, 0, 0,  -10,    0
0, 0, 0, 0,  -10,    0
0, 0, 0, 0,  -10,    0
0, 0, 0, 0,  -10,    0
0, 0, 0, 0,  -10,    0
0, 0, 0, 0,  -10,    0
0, 0, 0, 0,  -10,    0
0, 0, 0, 0,  -10,    0
0, 0, 0, 0,  -10,    0
0, 0, 0, 0,  -10,    0
0, 0, 0, 0,  -10,    0
0, 0, 0, 0,  -10,    0
0, 0, 0, 0,  -10,    0
0, 0, 0, 0,  -10,    0
0, 0, 0, 0,  -10,    0
0, 0, 0, 0,  -10,    0
0, 0, 0, 0,  -10,    0
0, 0, 0, 0,  -10,    0
0, 0, 0, 0,  -10,    0
0, 0, 0, 0,  -10,    0
0, 0, 0, 0,  -10,    0
0, 0, 0, 0,  -10,    0
0, 0, 0, 0,  -10,    0
0, 0, 0, 0,  -10,    0
0, 0, 0, 0,  -10,    0
0, 0, 0, 0,  -10,    0
0, 0, 0, 0,  -10,    0
0, 0, 0, 0,  -10,    0
0, 0, 0, 0,  -10,    0
0, 0, 0, 0,  -10,    0
0, 0, 0, 0,  -10,    0
0, 0, 0, 0,  -10,    0
0, 0, 0, 0,  -10,    0
0, 0, 0, 0,  -10,    0
0, 0, 0, 0,  -10,    0
0, 0, 0, 0,  -10,    0
0, 0, 0, 0,  -10,    0
0, 0, 0, 0,  -10,    0
0, 0, 0, 0,  -10,    0
0, 0, 0, 0,  -10,    0
0, 0, 0, 0,  -10,    0
0, 0, 0, 0,  -10,    0
0, 0, 0, 0,  -10,    0
0, 0, 0, 0,  -10,    0
0, 0, 0, 0,  -10,    0
0, 0, 0, 0,  -10,    0
0, 0, 0, 0,  -10,    0
0, 0, 0, 0,  -10,    0
0, 0, 0, 0,  -10,    0
0, 0, 0, 0,  -10,    0
0, 0, 0, 0,  -10,    0
0, 0, 0, 0,  -10,    0
0, 0, 0, 0,  -10,    0
0, 0, 0, 0,  -10,    0
0, 0, 0, 0,  -10,    0
0, 0, 0, 0,  -10,    0
0, 0, 0, 0,  -10,    0
0, 0, 0, 0,  -10,    0
0, 0, 0, 0,  -10,    0
0, 0, 0, 0,  -10,    0
0, 0, 0, 0,  -10,    0
0, 0, 0, 0,  -10,    0
0, 0, 0, 0,  -10,    0
0, 0, 0, 0,  -10,    0
0, 0, 0, 0,  -10,    0
0, 0, 0, 0,  -10,    0
0, 0, 0, 0,  -10,    0
0, 0, 0, 0,  -10,    0
0, 0, 0, 0,  -10,    0
0, 0, 0, 0,  -10,    0
0, 0, 0, 0,  -10,    0
0, 0, 0, 0,  -10,    0
0, 0, 0, 0,  -10,    0
0, 0, 0, 0,  -10,    0
0, 0, 0, 0,  -10,    0
0, 0, 0, 0,  -10,    0
0, 0, 0, 0,  -10,    0
0, 0, 0, 0,  -10,    0
0, 0, 0, 0,  -10,    0
0, 0, 0, 0,  -10,    0
0, 0, 0, 0,  -10,    0
0, 0, 0, 0,  -10,    0
0, 0, 0, 0,  -10,    0
0, 0, 0, 0,  -10,    0
0, 0, 0, 0,  -10,    0
0, 0, 0, 0,  -10,    0
0, 0, 0, 0,  -10,    0
0, 0, 0, 0,  -10,    0
0, 0, 0, 0,  -10,    0
0, 0, 0, 0,  -10,    0
0, 0, 0, 0,  -10,    0
0, 0, 0, 0,  -10,    0
0, 0, 0, 0,  -10,    0
0, 0, 0, 0,  -10,    0
0, 0, 0, 0,  -10,    0
0, 0, 0, 0,  -10,    0
0, 0, 0, 0,  -10,    0
0, 0, 0, 0,  -10,    0
0, 0, 0, 0,  -10,    0
0, 0, 0, 0,  -10,    0
0, 0, 0, 0,  -10,    0
0, 0, 0, 0,  -10,    0
0, 0, 0, 0,  -10,    0
0, 0, 0, 0,  -10,    0
0, 0, 0, 0,  -10,    0
0, 0, 0, 0,  -10,    0
0, 0, 0, 0,  -10,    0
0, 0, 0, 0,  -10,    0
0, 0, 0, 0,  -10,    0
0, 0, 0, 0,  -10,    0
0, 0, 0, 0,  -10,    0
0, 0, 0, 0,  -10,    0
0, 0, 0, 0,  -10,    0
0, 0, 0, 0,  -10,    0
0, 0, 0, 0,  -10,    0
0, 0, 0, 0,  -10,    0
0, 0, 0, 0,  -10,    0
0, 0, 0, 0,  -10,    0
0, 0, 0, 0,  -10,    0
0, 0, 0, 0,  -10,    0
0, 0, 0, 0,  -10,    0
0, 0, 0, 0,  -10,    0
0, 0, 0, 0,  -10,    0
0, 0, 0, 0,  -10,    0
0, 0, 0, 0,  -10,    0
0, 0, 0, 0,  -10,    0
0, 0, 0, 0,  -10,    0
0, 0, 0, 0,  -10,    0
0, 0, 0, 0,  -10,    0
0, 0, 0, 0,  -10,    0
0, 0, 0, 0,  -10,    0
0, 0, 0, 0,  -10,    0
0, 0, 0, 0,  -10,    0
0, 0, 0, 0,  -10,    0
0, 0, 0, 0,  -10,    0
0, 0, 0, 0,  -10,    0
0, 0, 0, 0,  -10,    0
0, 0, 0, 0,  -10,    0
0, 0, 0, 0,  -10,    0
0, 0, 0, 0,  -10,    0
0, 0, 0, 0,  -10,    0
0, 0, 0, 0,  -10,    0
0, 0, 0, 0,  -10,    0
0, 0, 0, 0,  -10,    0
0, 0, 0, 0,  -10,    0
0, 0, 0, 0,  -10,    0
0, 0, 0, 0,  -10,    0
0, 0, 0, 0,  -10,    0
0, 0, 0, 0,  -10,    0
0, 0, 0, 0,  -10,    0
0, 0, 0, 0,  -10,    0
0, 0, 0, 0,  -10,    0
0, 0, 0, 0,  -10,    0
0, 0, 0, 0,  -10,    0
0, 0, 0, 0,  -10,    0
0, 0, 0, 0,  -10,    0
0, 0, 0, 0,  -10,    0
0, 0, 0, 0,  -10,    0
0, 0, 0, 0,  -10,    0
0, 0, 0, 0,  -10,    0
0, 0, 0, 0,  -10,    0
0, 0, 0, 0,  -10,    0
0, 0, 0, 0,  -10,    0
0, 0, 0, 0,  -10,    0
0, 0, 0, 0,  -10,    0
0, 0, 0, 0,  -10,    0
0, 0, 0, 0,  -10,    0
0, 0, 0, 0,  -10,    0
0, 0, 0, 0,  -10,    0
0, 0, 0, 0,  -10,    0
0, 0, 0, 0,  -10,    0
0, 0, 0, 0,  -10,    0
0, 0, 0, 0,  -10,    0
0, 0, 0, 0,  -10,    0
0, 0, 0, 0,  -10,    0
0, 0, 0, 0,  -10,    0
0, 0, 0, 0,  -10,    0
0, 0, 0, 0,  -10,    0
0, 0, 0, 0,  -10,    0
0, 0, 0, 0,  -10,    0
0, 0, 0, 0,  -10,    0
0, 0, 0, 0,  -10,    0
0, 0, 0, 0,  -10,    0
0, 0, 0, 0,  -10,    0
0, 0, 0, 0,  -10,    0
0, 0, 0, 0,  -10,    0
0, 0, 0, 0,  -10,    0
0, 0, 0, 0,  -10,    0
0, 0, 0, 0,  -10,    0
0, 0, 0, 0,  -10,    0
0, 0, 0, 0,  -10,    0
0, 0, 0, 0,  -10,    0
0, 0, 0, 0,  -10,    0
0, 0, 0, 0,  -10,    0
0, 0, 0, 0,  -10,    0
0, 0, 0, 0,  -10,    0
0, 0, 0, 0,  -10,    0
0, 0, 0, 0,  -10,    0
0, 0, 0, 0,  -10,    0
0, 0, 0, 0,  -10,    0
0, 0, 0, 0,  -10,    0
0, 0, 0, 0,  -10,    0
0, 0, 0, 0,  -10,    0
0, 0, 0, 0,  -10,    0
0, 0, 0, 0,  -10,    0
0, 0, 0, 0,  -10,    0
0, 0, 0, 0,  -10,    0
0, 0, 0, 0,  -10,    0
0, 0, 0, 0,  -10,    0
0, 0, 0, 0,  -10,    0
0, 0, 0, 0,  -10,    0
0, 0, 0, 0,  -10,    0
0, 0, 0, 0,  -10,    0
0, 0, 0, 0,  -10,    0
0, 0, 0, 0,  -10,    0
0, 0, 0, 0,  -10,    0
0, 0, 0, 0,  -10,    0
0, 0, 0, 0,  -10,    0
0, 0, 0, 0,  -10,    0
0, 0, 0, 0,  -10,    0
0, 0, 0, 0,  -10,    0
0, 0, 0, 0,  -10,    0
0, 0, 0, 0,  -10,    0
0, 0, 0, 0,  -10,    0
0, 0, 0, 0,  -10,    0
0, 0, 0, 0,  -10,    0
0, 0, 0, 0,  -10,    0
0, 0, 0, 0,  -10,    0
0, 0, 0, 0,  -10,    0
0, 0, 0, 0,  -10,    0
0, 0, 0, 0,  -10,    0
0, 0, 0, 0,  -10,    0
0, 0, 0, 0,  -10,    0
0, 0, 0, 0,  -10,    0
0, 0, 0, 0,  -10,    0
0, 0, 0, 0,  -10,    0
0, 0, 0, 0,  -10,    0
0, 0, 0, 0,  -10,    0
0, 0, 0, 0,  -10,    0
0, 0, 0, 0,  -10,    0
0, 0, 0, 0,  -10,    0
0, 0, 0, 0,  -10,    0
0, 0, 0, 0,  -10,    0
0, 0, 0, 0,  -10,    0
0, 0, 0, 0,  -10,    0
0, 0, 0, 0,  -10,    0
0, 0, 0, 0,  -10,    0
0, 0, 0, 0,  -10,    0
0, 0, 0, 0,  -10,    0
0, 0, 0, 0,  -10,    0
0, 0, 0, 0,  -10,    0
0, 0, 0, 0,  -10,    0
0, 0, 0, 0,  -10,    0
0, 0, 0, 0,  -10,    0
0, 0, 0, 0,  -10,    0
0, 0, 0, 0,  -10,    0
0, 0, 0, 0,  -10,    0
0, 0, 0, 0,  -10,    0
0, 0, 0, 0,  -10,    0
0, 0, 0, 0,  -10,    0
0, 0, 0, 0,  -10,    0
0, 0, 0, 0,  -10,    0
0, 0, 0, 0,  -10,    0
0, 0, 0, 0,  -10,    0
0, 0, 0, 0,  -10,    0
0, 0, 0, 0,  -10,    0
0, 0, 0, 0,  -10,    0
0, 0, 0, 0,  -10,    0
0, 0, 0, 0,  -10,    0
0, 0, 0, 0,  -10,    0
0, 0, 0, 0,  -10,    0
0, 0, 0, 0,  -10,    0
0, 0, 0, 0,  -10,    0
0, 0, 0, 0,  -10,    0
0, 0, 0, 0,  -10,    0
0, 0, 0, 0,  -10,    0
0, 0, 0, 0,  -10,    0
0, 0, 0, 0,  -10,    0
0, 0, 0, 0,  -10,    0
0, 0, 0, 0,  -10,    0
0, 0, 0, 0,  -10,    0
0, 0, 0, 0,  -10,    0
0, 0, 0, 0,  -10,    0
0, 0, 0, 0,  -10,    0
0, 0, 0, 0,  -10,    0
0, 0, 0, 0,  -10,    0
0, 0, 0, 0,  -10,    0
0, 0, 0, 0,  -10,    0
0, 0, 0, 0,  -10,    0
0, 0, 0, 0,  -10,    0
0, 0, 0, 0,  -10,    0
0, 0, 0, 0,  -10,    0
0, 0, 0, 0,  -10,    0
0, 0, 0, 0,  -10,    0
0, 0, 0, 0,  -10,    0
0, 0, 0, 0,  -10,    0
0, 0, 0, 0,  -10,    0
0, 0, 0, 0,  -10,    0
0, 0, 0, 0,  -10,    0
0, 0, 0, 0,  -10,    0
0, 0, 0, 0,  -10,    0
0, 0, 0, 0,  -10,    0
0, 0, 0, 0,  -10,    0
0, 0, 0, 0,  -10,    0
0, 0, 0, 0,  -10,    0
0, 0, 0, 0,  -10,    0
0, 0, 0, 0,  -10,    0
0, 0, 0, 0,  -10,    0
0, 0, 0, 0,  -10,    0
0, 0, 0, 0,  -10,    0
0, 0, 0, 0,  -10,    0
0, 0, 0, 0,  -10,    0
0, 0, 0, 0,  -10,    0
0, 0, 0, 0,  -10,    0
0, 0, 0, 0,  -10,    0
0, 0, 0, 0,  -10,    0
0, 0, 0, 0,  -10,    0
0, 0, 0, 0,  -10,    0
0, 0, 0, 0,  -10,    0
0, 0, 0, 0,  -10,    0
0, 0, 0, 0,  -10,    0
0, 0, 0, 0,  -10,    0
0, 0, 0, 0,  -10,    0
0, 0, 0, 0,  -10,    0
0, 0, 0, 0,  -10,    0
0, 0, 0, 0,  -10,    0
0, 0, 0, 0,  -10,    0
0, 0, 0, 0,  -10,    0
0, 0, 0, 0,  -10,    0
0, 0, 0, 0,  -10,    0
0, 0, 0, 0,  -10,    0
0, 0, 0, 0,  -10,    0
0, 0, 0, 0,  -10,    0
0, 0, 0, 0,  -10,    0
0, 0, 0, 0,  -10,    0
0, 0, 0, 0,  -10,    0
0, 0, 0, 0,  -10,    0
0, 0, 0, 0,  -10,    0
0, 0, 0, 0,  -10,    0
0, 0, 0, 0,  -10,    0
0, 0, 0, 0,  -10,    0
0, 0, 0, 0,  -10,    0
0, 0, 0, 0,  -10,    0
0, 0, 0, 0,  -10,    0
0, 0, 0, 0,  -10,    0
0, 0, 0, 0,  -10,    0
0, 0, 0, 0,  -10,    0
0, 0, 0, 0,  -10,    0
0, 0, 0, 0,  -10,    0
0, 0, 0, 0,  -10,    0
0, 0, 0, 0,  -10,    0
0, 0, 0, 0,  -10,    0
0, 0, 0, 0,  -10,    0
0, 0, 0, 0,  -10,    0
0, 0, 0, 0,  -10,    0
0, 0, 0, 0,  -10,    0
0, 0, 0, 0,  -10,    0
0, 0, 0, 0,  -10,    0
0, 0, 0, 0,  -10,    0
0, 0, 0, 0,  -10,    0
0, 0, 0, 0,  -10,    0
0, 0, 0, 0,  -10,    0
0, 0, 0, 0,  -10,    0
0, 0, 0, 0,  -10,    0
0, 0, 0, 0,  -10,    0
0, 0, 0, 0,  -10,    0
0, 0, 0, 0,  -10,    0
0, 0, 0, 0,  -10,    0
0, 0, 0, 0,  -10,    0
0, 0, 0, 0,  -10,    0
0, 0, 0, 0,  -10,    0
0, 0, 0, 0,  -10,    0
0, 0, 0, 0,  -10,    0
0, 0, 0, 0,  -10,    0
0, 0, 0, 0,  -10,    0
0, 0, 0, 0,  -10,    0
0, 0, 0, 0,  -10,    0
0, 0, 0, 0,  -10,    0
0, 0, 0, 0,  -10,    0
0, 0, 0, 0,  -10,    0
0, 0, 0, 0,  -10,    0
0, 0, 0, 0,  -10,    0
0, 0, 0, 0,  -10,    0
0, 0, 0, 0,  -10,    0
0, 0, 0, 0,  -10,    0
0, 0, 0, 0,  -10,    0
0, 0, 0, 0,  -10,    0
0, 0, 0, 0,  -10,    0
0, 0, 0, 0,  -10,    0
0, 0, 0, 0,  -10,    0
0, 0, 0, 0,  -10,    0
0, 0, 0, 0,  -10,    0
0, 0, 0, 0,  -10,    0
0, 0, 0, 0,  -10,    0
0, 0, 0, 0,  -10,    0
0, 0, 0, 0,  -10,    0
0, 0, 0, 0,  -10,    0
0, 0, 0, 0,  -10,    0
0, 0, 0, 0,  -10,    0
0, 0, 0, 0,  -10,    0
0, 0, 0, 0,  -10,    0
0, 0, 0, 0,  -10,    0
0, 0, 0, 0,  -10,    0
0, 0, 0, 0,  -10,    0
0, 0, 0, 0,  -10,    0
0, 0, 0, 0,  -10,    0
0, 0, 0, 0,  -10,    0
0, 0, 0, 0,  -10,    0
0, 0, 0, 0,  -10,    0
0, 0, 0, 0,  -10,    0
0, 0, 0, 0,  -10,    0
0, 0, 0, 0,  -10,    0
0, 0, 0, 0,  -10,    0
0, 0, 0, 0,  -10,    0
0, 0, 0, 0,  -10,    0
0, 0, 0, 0,  -10,    0
0, 0, 0, 0,  -10,    0
0, 0, 0, 0,  -10,    0
0, 0, 0, 0,  -10,    0
0, 0, 0, 0,  -10,    0
0, 0, 0, 0,  -10,    0
0, 0, 0, 0,  -10,    0
0, 0, 0, 0,  -10,    0
0, 0, 0, 0,  -10,    0
0, 0, 0, 0,  -10,    0
0, 0, 0, 0,  -10,    0
0, 0, 0, 0,  -10,    0
0, 0, 0, 0,  -10,    0
0, 0, 0, 0,  -10,    0
0, 0, 0, 0,  -10,    0
0, 0, 0, 0,  -10,    0
0, 0, 0, 0,  -10,    0
0, 0, 0, 0,  -10,    0
0, 0, 0, 0,  -10,    0
0, 0, 0, 0,  -10,    0
0, 0, 0, 0,  -10,    0
0, 0, 0, 0,  -10,    0
0, 0, 0, 0,  -10,    0
0, 0, 0, 0,  -10,    0
0, 0, 0, 0,  -10,    0
0, 0, 0, 0,  -10,    0
0, 0, 0, 0,  -10,    0
0, 0, 0, 0,  -10,    0
0, 0, 0, 0,  -10,    0
0, 0, 0, 0,  -10,    0
0, 0, 0, 0,  -10,    0
0, 0, 0, 0,  -10,    0
0, 0, 0, 0,  -10,    0
0, 0, 0, 0,  -10,    0
0, 0, 0, 0,  -10,    0
0, 0, 0, 0,  -10,    0
0, 0, 0, 0,  -10,    0
0, 0, 0, 0,  -10,    0
0, 0, 0, 0,  -10,    0
0, 0, 0, 0,  -10,    0
0, 0, 0, 0,  -10,    0
0, 0, 0, 0,  -10,    0
0, 0, 0, 0,  -10,    0
0, 0, 0, 0,  -10,    0
0, 0, 0, 0,  -10,    0
0, 0, 0, 0,  -10,    0
0, 0, 0, 0,  -10,    0
0, 0, 0, 0,  -10,    0
0, 0, 0, 0,  -10,    0
0, 0, 0, 0,  -10,    0
0, 0, 0, 0,  -10,    0
0, 0, 0, 0,  -10,    0
0, 0, 0, 0,  -10,    0
0, 0, 0, 0,  -10,    0
0, 0, 0, 0,  -10,    0
0, 0, 0, 0,  -10,    0
0, 0, 0, 0,  -10,    0
0, 0, 0, 0,  -10,    0
0, 0, 0, 0,  -10,    0
0, 0, 0, 0,  -10,    0
0, 0, 0, 0,  -10,    0
0, 0, 0, 0,  -10,    0
0, 0, 0, 0,  -10,    0
0, 0, 0, 0,  -10,    0
0, 0, 0, 0,  -10,    0
0, 0, 0, 0,  -10,    0
0, 0, 0, 0,  -10,    0
0, 0, 0, 0,  -10,    0
0, 0, 0, 0,  -10,    0
0, 0, 0, 0,  -10,    0
0, 0, 0, 0,  -10,    0


Arduino now in Stasis
Ready to run wrapper program

